mbid, title(no commas), artist(no commas),audio_properties:analysis_sample_rate,audio_properties:bit_rate,audio_properties:codec,audio_properties:downmix,audio_properties:equal_loudness,audio_properties:length,audio_properties:lossless,audio_properties:md5_encoded,audio_properties:replay_gain,audio_properties:sample_rate,tags:acoustid_id,tags:album,tags:albumartist,tags:albumartistsort,tags:artist,tags:artistsort,tags:catalognumber,tags:composer,tags:date,tags:discnumber,tags:file_name,tags:isrc,tags:label,tags:language,tags:lyricist,tags:media,tags:musicbrainz album release country,tags:musicbrainz album status,tags:musicbrainz album type,tags:musicbrainz_albumartistid,tags:musicbrainz_albumid,tags:musicbrainz_artistid,tags:musicbrainz_recordingid,tags:musicbrainz_releasegroupid,tags:musicbrainz_workid,tags:originaldate,tags:script,tags:title,tags:tracknumber
00057ae3-8bdc-4be3-9820-9006a10d763e, "Domino", "Van Morrison", 44100, 200794, mp3, mix, 0, 190.223678589, 0, ba3ae5a44557b50709f01f0ce5108674, -6.52626037598, 44100, ['4f0dc0c5-4067-4a0e-85fa-35876d7a8df9'], ['His Band and The Street Choir'], ['Van Morrison'], ['Morrison| Van'], ['Van Morrison'], ['Morrison| Van'], ['K 46066'], ['Van Morrison'], ['1970'], ['1/1'], 01 Domino.mp3, ['GBAKZ7000003'], ['Warner Bros. Records'], ['eng'], ['Van Morrison'], ['12" Vinyl'], ['GB'], ['official'], ['album'], ['a41ac10f-0a56-4672-9161-b83f9b223559'], ['ac1e36bb-2185-321c-8b07-cce1c1aa8e2d'], ['a41ac10f-0a56-4672-9161-b83f9b223559'], ['00057ae3-8bdc-4be3-9820-9006a10d763e'], ['c27a909a-6d4c-37eb-8925-4c5e23a8022b'], ['b64b28c2-69ad-38c4-8446-a4a9c7ae2186'], ['1970'], ['Latn'], ['Domino'], ['1/12'],
00057ae3-8bdc-4be3-9820-9006a10d763e, "Domino", "Van Morrison", 44100, 192026, mp3, mix, 0, 186.98449707, 0, ea6a3746085f5ddef285c73f265562b1, -5.34057426453, 44100, ['AQADtGmiKKYaJM_xsAnKXWgY4-xx9LDQXDuuQP_RLFGOPkZORUj-wcd5vH6MSlnmoBSO8Eio5-gjMbiTHGeU4x3xK0IznQn6BKGMZNGHC_uFPrnw40fD47swW0fiH-GDnGhjG59SQhca7UHIPmioB7FIQ1_QmCeuI9aOk8cjNHGO_sjrQE-WxMOnHGH6o8c5vDf60AnOI9_RXQnOQw_C5kOzPfh0POFxHel13Dl0PYgcaXiJSxLCPJfQP9Cno1IGK0qYIg1P9JIR6g-aTxyeG_KiD6V45AzMSRZS5TkcR4dGShbRxgmaTceVGdPbQMt-5IWf48ui4MT3on-xPRXCH_qR-_iOynBfYn9xBXkuJNmPypmIpjrq4ItUIad0QsuJkF1SPNmJyUlfhPkL2cezNkY64sGNqpGyo3l0nMcT5QlCqVehPEeYqsffEpdwFmUi5Bn0FtaPWFKOdElCGYd_aM-DiyamOMxRatASBVW2ZUIY98FkJbFiXGh-9Dd-XLrwlEWe4n6gTYxYIczxGddRi-mGH3FuKBfR_MiX4z76H2F-KKQ9NEmZHeEjDpd2PNmHCDqZEHmWd6i9Fc4VdOWDs3i0Y5eGPwfCP4GW9QjFxA-aNkHzZB268sF15Cm0VET6KKi0RLEkfDpyKQ-0qIzQech1XMwOHnlyND-kPCH-4E7xocenJEJKDVcu4oefpcj5YBM063jwE9pzPMUvCvnh_WgXIg8F_SgtC1qioDnC__iloHzQJEn04zt-vBmJ3IWY41GNcJEwVbNwPTjzozlzdN7Bz8EZXCcy79DOIkueA498XA6-D-F6DmIu5EdJ2rgO5g1cZasQyotJKPaQa9xwKceP8kOj6R2-E-dUo5nEDLB3PBPhPJgW5kiqhHWQo3lKojaXolxDo2GEM_jR9mieHTG1tHgK0cmRV_jToN-xHZcSlKlKNDvCZ8KP5kdXpugnTLnwHRp94cfl4xaHZmvwjsK3Q8sRycrwaEd5D-nxydAjF13xQVyELwnR5NdQH2eGKxF86NvxC4pSZR-eSMfxZselI8_g_WijHHmkCvXFwTFzpDrCMjjqUIU7fniiCzwFbc2CI1eSHX-LRui1B9w9XBMehUd0QkeoG03ySMIV5sXZY2JUDf4T-EMypUd8gnEPj1IKk7h0ODXDIVy0Q92R3yua60af4-rR52io4hPy7AFjmdCCb8JWRYF8XDrM48dJD_3xQ6ikBVM6tKOFW9CVxhR-_HiGHttV5JeL6_jw5TBRaTX6OUGYnoEu5Izw0YUrBd8RWV-gJUeuBZcEu4G7HseXI-EzEyGl4yKHUhv-4FNQckdc6D8RWmGO86BiHleDlzlCTTt0HaEe46WHU4FdHaEd_NCHsB_CVNl2POVw8-AuYDLHQxRZpXAW6Tj-4xIzD36GZMe3VHjR_3iqo5SW4FGO_zK6UsWWD4lyIt8xS1HwRKKGnxqekhKqo-fC43icD310JMsvIj92BV-iH-dPMDBzDj-aUjnibTqUZ4OWCR33BPmr4AVO7BL6Hd7ChEHYD3qP-Gis48Z1Gc0zJ8M0rTncH580ichzTNfR37iUY-s-5EeOJ1KQ7MV_fB-q40elxMeb40e-CcnyEY92_MEj5XhWTI2OIPlKXMEf-MnB2cR1BTlziD-RNwSTnxLKC3Py4I96dG0-OI-QS4FIISRJKca3NClqwTOF5xjLBE9CIx3pQZP4BG-io9qKZksU3PghnsmKT48w-kKjnQh_1PCjCOdiwW8VlM-NRrpRMshTaMkRnkfJLBFxNugf5NqH5snQQ9eC2BdOxkKfb2h-XBwuoaySwtcR6kcy8mjIE39w5RK8n_gSCknFH2H0eOhTG-cRZlICdSvSoc9U9FImoo-IHyfC5OHRJxYuHfeDkMyOxj1-XOKKsESjDqqsVEfJI1JC5zgRisqE5sYpCyfh4sh77I-D0Mrgy7iO9niiQ-cTVB8aXYeepcO5E-mPcyh_uBz66Hj44ECyqESoH3-K7yh5EdGPftDoI6ZCY0t-5AmSXeJwJkXRPPgefEKaWzl0vEzRWEefQ6WD6EdTH61kFpeE8JiiFqoTHc3EQ6vCB5eSHbqP5vkJO-pQ3fiFfNGqwEry4ZHx46i0M2jYJ8V1HpeH42KOi5YmPD3-Cn6SEDlGJ4fw6UKeD0_EBn8uTEPz40JOHmKYI_fR5JfQ48kPj1ORb0TyoOmLnovwXHi0Nkj1HDqii0avZUrQVMeO3ApaCoryHD-eD-dD9HvQvBqeHUceoRITRWh-4ncw6ULzID-02IwQSdou_Bf-4cGJR0ffJggTh4ea48d55EXIcEUzMoJ-vCdeJh3uRNTA5ETJHD-BhlEWDRV1Qcs2pSJqDY-imAjzHZWPPNEDThM-Zdmh6ceUS0euJMVzodl0fEf_DD2ew0e0H5VeXEkOqRIt9MvhHz1eESqFnpHRTKIj8PmhnXC-HD8cKk-wR7Im1E2GJ4SOkHgy2HVwqpPQmSRy6bgXPNlR-wizBc9e_MGkR3mG5tnxoPqQR0yhq6oIX0cW6_jBhM8mVE7A5EfYQY6UJCp-CblzlMyOi4fHC6EsD1ekHvrwF2fB53AeyHeM98Op4cpwHX0OLT9i88c3HiMToU_Q68ihUSOaRkf0Cxd-9EFaCecRRlOijMbXBTtOpsaPMg8a7DceP0Ry7ET4G1YOc7tQJ9lxSRlx58hxPXhyHTdLNO_RG3_wB-rzo5umR0GKZiKuunhphEfjKdBTB6dMvIetIbmSY_7xHH3gZMpelEsOXl_Q5_B3XCmRUFGR5Qlumig_NMuL478ABhxyhFgCGDCEKOAEYQIAZgohADBADBMAOCWAYYo4gRAxgAlCAFIMMOMMEFAABYgByAFhAEKKACIRQUIxIwUwgBBDkBFCMUAEAoYAIIQQCCEhjDMECGOIQQQAASQCxDCiCDHMCAAIEgAAwpAABCFCAFFCAKKUlICYoIhASGAihHCIACSBEUIByIwQUlhEBCDCAOAQA0AYJThyAhAlDAEAACSFQcIYAxBhhCDADAJcIEIgUEgpShRQjiggCHAGFGAAcoIgxJgygiFEiABCAUEgI8AYYZBCgjDEACBGMWcAMoQRpAAhTAABFCECCKaEApQBIIRwhgGCEEBEIeKYIhoQw5AB0jAADFAEAQUMQQYQChiAVDAEBFCEAAGRQoAAQJwQjggkhABEEKIIsAoAYIizgBAkvBUEAsQAAoIJRwAxajkliAUAWKgAMsAIIAAAxAgijAHKCACI5kgoBJQRjApAJEZUCEMEQgAQRhxARgAgAEKAQAMcwwAYAIRQGBAjDIBSEMEAMgwBBQBRQAJjEDCEEMACA1QgAgQVBClkEAOACqsIAgkAZYgQAigECAOCCCAQUMoIB6kAhBggiSBCACCNAFIQCQwBhggFlEBEAKUYcQgQYYARggEhHAHMGCEoQFAwBAADQiEFgQGASCAYAYYBgQgByEBBhFCIAAOYMAIqQQQSCjmhhYACEeSIAAgYQQgBAABChWCOEUQEEQIwYQACCACRhEGCEGEIcMowQwDAAhhjCBLKEQIEYF4gAw1CgBAAGEFICUEkEIIIAYCwhCAhiAIIKiIBEAAgKpATwggjjDFEGAIUIsIwaAAxTiAiiCEEGAEEEAIMwhABSgCGnCHEAQCEsEQAgxwCCihkFBHAIGCQI0QZYgRQSAkCEAACIEEYNAgEJBRyhjijEEKAGCMgIAhAgYwiAAGgkFICGAAMsYgxQwQEjChBAFBCGCAAAQwABQ'], ['4f0dc0c5-4067-4a0e-85fa-35876d7a8df9'], ['His Band and the Street Choir'], ['Van Morrison'], ['131.33'], ['1970'], Van Morrison - Domino.mp3, ['Blues/Rock'], ['eng'], ['United Kingdom'], ['Album'], ['a41ac10f-0a56-4672-9161-b83f9b223559'], ['68ddf8a0-eaa7-4891-bc46-17e1feb3ea51'], ['a41ac10f-0a56-4672-9161-b83f9b223559'], ['00057ae3-8bdc-4be3-9820-9006a10d763e'], ['79bebff8-b01c-53f1-7e6a-adeb4663f1c9'], ['Domino'], ['01'],
00062658-acfc-4bdf-806f-aa6ec85e8ddd, "We Don't Talk Anymore", "Cliff Richard", 44100, 128000, mp3, mix, 0, 255.373062134, 0, 345c841810d7de56c3a188a478b63fbe, -3.14573860168, ['The Singles Collection'], ['Cliff Richard'], ['Richard| Cliff'], ['Cliff Richard'], ['B000069HG5'], ['0'], ['0'], ['2002'], ['4/6'], 4-03. We Don't Talk Anymore.mp3, ['Rock/Pop'], ['GBAYE0100642'], ['eng'], ['GB'], ['official'], ['compilation'], ['b5c2fdfc-d037-45b8-84f9-09ebb7ff8aa1'], ['7dfcc7e2-ea0c-4ccc-baf3-43a88db3ef10'], ['b5c2fdfc-d037-45b8-84f9-09ebb7ff8aa1'], ['00062658-acfc-4bdf-806f-aa6ec85e8ddd'], ['Latn'], ["We Don't Talk Anymore"], ['3/19'],
00062658-acfc-4bdf-806f-aa6ec85e8ddd, "We Don't Talk Anymore", "Cliff Richard", 44100, 128013, mp3, mix, 0, 252.813064575, 0, 0d827aac35e585174b959438f267fd43, -5.26192855835, 44100, ['AQADtFqUJCpDtPiRH1o2Hl2LMBlP9MNr4h8-9ImQw1-gCk91-EmDf2iPo8c7HX6O57iQP4TXKD66vriP5kffILfwQ1F2HJ0UKUNu8DhzIrQkNM8h50c1pfCDkDx6PMtx4-Hh-Dh-NHKQHzd0JTr64zruHSeo7Md3nDwcKoR-dJmC6kdKDhNd4vjRH-aC_0f6oJNCLkTlGKKb4xl-4tnxDzMzQjUtdG2M6kLe4C2-4xmiozmP7_iPjuGDJl6CMx_6w05oHP2g8fAx-ceP57gjNKzA8yiP6-gPjz3aJfjRefig7DymZzl-FN5SHLVo4c4OjYc_PAcvEz6DUFQUnEKWw1saB_UK_UQTOkbID58S9DkanaiP58gcMSJeXFIg7rhyiBXVBH2yXPiRG95TXDiTg46Q58GHmzmkxBrKKqnwEH9QK-kIZzusC1JEHXqSo3kWtD2ew20yCU947MsELXkmdBdO5cdxRQ-m8EdoMR76pBeM9sGfE80DskfP41uW4pMQ5kQy_cXZo6-xTRu8PMabGa6DOjuetDh9mE8WRCaPLzqufBBjHXk-_AMf47JwBu3RrCKR24MeIs9xGzk0VY_hF7kIL5kG63jTHJ-yI52P5ygpH0-WMEG2d_ijosm0o2TwK-CLcId4lMwjXDLyFFeCH1c845uE8BP8oNeDH3c2HG9INFqT41kfuPOSBt0NnWhyVAS7Wqi4C66Dt4el-DhDHB_uQGaPS1tw7nhyNMx2PGAfQ6wRH0d13Kj2oiQf8MhfiGLxBfeO_Ea7RJuCXMyhLzlycXCe48MdHD-S58j6bELlqMRbMKl4XAmuI8zIHFJ2VHpihLFyXD_OUUOzRod71EmOezKmJUeYyB6uGPqRJy62TE2T4J2IHOI-5AqDkxZ6NPPBp7gyND96H_mhK0eIMxnOwjHRn_g0C22WBd5X1PbxhpqCTy0q90GYH_qRv3hqnDnaPQE1PjKeKA3SL8QHLVMS7Lsa9GiuQt-PS-oQO0MjhjFK7dgZPNmJJj-aR8jG41Qe_ETzoXJOPBf-K9D0VEbjHvn0ILuiGMelq2jEB6o05DOeRuCPHueHPBf2KYGmjUeK5jfOM3hVPIuCSHmISjeOH5oulEc7RpAq6ngRH992XNKD7-LRUK6KQCMzhElz_EZb5YSVxcanasj1QNSLnnjiFM9ySPuEPkeYE9fi4Kl1_LiCvBYq9RHk48enwwd0Ej1xRsI74W-g36jnI0v84tKRPbmKSk8gqtkRJhT4TNSBPoRf_FGQKYmUQm1zND9y7sQPHl_yCL8RX8mhkRKRKu3gnCLaGwfzUsIP_-h75MqCFzqPS6JQ8bCaHP2hsbPQfDv-I-SSo_k4vLgjC4x02McDPzu-EOGZCVCbozvyw7EufNGNX_B19NnRH2EoDZeO7nqF5sFMHhfRVBuqFrlT_Ed_hH_xLemgZsqJUFo1uGKG7TEBX-CPd9KRtwqefYTa5EKPHH1wIcvD4BaJX1DTbQgvnNITvDlwS2iPrxIaJ0N4QheJmMrxcUf7HN7A6zh1pO-hM4NR_XiKksVRf0evHE2oVkH24UTTH-WCR5k35DehP0jTyMW34efBkkezHD1yHrrGCvmPZiv6BrfwlrgnNFVu3Hvgw0cu5YMYPR865niOamMe-CJ2cdB1tKtxRmkIXD7kH9WWS_DIIK2yE_7xSEHODH6CqUtU6MdNLkUjikVe-NLxIw8aLrgFHbuSo9FVlE8C9diP5hTRN0cf-NCD6jvOHlefoscv-Hig4nqO_8jKwWfwzrhyPDgPx9nxPEGr3DjK7ghz6BP6OLiOTM9xhUG_42Q0dF3gL8ckNTreI2S4hBB__EZ-OI9yXHhUnIHTSRLeIdqX4-ID1yn64crRPMsxycR7CdUv-Di8NcKLNG1qtCR-D7_QH82OVdLX4brQw7fAfsNr-BlyiSn6XDl05MpRmYb9oE9xDlXzBs0XHKF2iD_yS-h49DheIteOp4mgH5Zzoe_xBFdE9IkEsQ4YjUcu9Ee9PXiO52hGaagcGify4YUmRcl8lEfQF81xoW-OJqJkI4eUjogd9PjASJRwJFORN8aPUjrMow-OJzySaTny3Ief45RITPzxKMzxP0d_ND7ejEhe5GyFvmiU6AzyHNqDS8o-pP-GXhXyXIImqkinJPKxG29M_BTMqAgrHfWWoQGfH_zx8QhfNKxQi4f3IJR2HJ0k-AXH5XhxzsaQH2nx2VDP4sqR_vjGUMAl5bg25MZJCuKDstGRE9flox6RHqdy6MS1EE4d9EUbw1WOB3aYIzQuHf1hDnWSqdgvlAwcM0f2HDqHdEvWDOuPb8IbRDt0BrkGV_CPfeiPq0TFTFmN50SqQruQk8KPNsd2PMd5nOtBHeeNh8F15DehZ0Ze_GjG5MKVB38zos_R7EeeS8MNLQ5JhPiM8_jAC1ci_MjpMIH2G352pOiP5kSfC-fxlOhT4dxx9Li2HMcnJ-iPH4l-Ih-cSGFQ6Ub9wDseSTmaR6_wrVDx5vjRrLuKvviBsArHFPEV4ym-HOnIdDCV5ND842REhEfz4huPo2oPf8iON8oLkYd3OD2DfKLhM6i-4ENJCVOepdg3IEvyQ5vGHKE42GFWPDsAIIQ0wDgmwBBDAASApAYQBKRSEgAGFALAOQKA4UQhAIRlggGiAEIWGGgFUc4JIZQQSBInBQKKSIYAEQABxgAjzABEDGJEAEoAAIAoJRCBAgAHFAOGCaUEAlIoIISiggkhhVECAIycAABYJgUAAioAkAKCEgIgBUIZgAgkCAimEAAGAyIUEoAAAwABAAsGjACIMACEcUQBIAgSQgGJACLQIAGIN0pABYRAxhmFiIBMOIQJI5AxxAkChoBEiRKCKG2AAMQ65IARUgglmKMECm0AAkAQAwAzRmkBJAFACOCcMAgYooARTAKCgEMEbUK4EQIoBhQjSBAkCBFAGEoUMAIRoAgDCBhshAKEGAaMA04IIBVSQhBgGBEAAiC8RQIBiYQAxAADjIEOGiqdYgIQAwBBRBCkhBJEIKYEU0QQABHxBhKniCAGICCUIIwIAABQjhEEBAEOQSMYAMAIBjAAxBBiFSCAAACAgYAIJjimQBAhkXDGAKWAEI4JQIBASBgDACFKGACAkQQogIBSCgwCkCRAAQaMhkoAIYwAAjggCEIAAGIlAEYYwgQAhDmuACBACQqIAgYIAQQwDAFBiCFAGCAEMEoYZAAliCFkQTAEAGMAAFhAAIQDhhsmqAAAGAKIYaIYIQAATQMlIFCGCCIAUcIChaQAAglGhCCEGACQEMAISohwRggCgBOIKCAEEMgopYgSTAAjgGKmIGGgIAIwAaRjTChgHAgSQGY4YMAaoZxCTiFFLCDAACAEUQAQIYwQSBGAjAICAKOIcQIYSAQhxhEhhKMKmSMgIcIgAZBQxigiAQBIEMSYkowJhoRRBBEhKBASIWEIZEYQZR2jijlAhCKCGSQIAoAYY4hQTighqENSIkAoEAYIQYFCxDhlBGWCACUMAkwYoYQRgBCBgASCEiGYMAoQogSggigCpBMAAAeAEYIB'], ['0da16581-c379-447a-8a6c-02edb8f21bf3'], ['The Hit List (Disc 2)'], ['Cliff Richard'], ['111.56'], ['7243 8 30917 2 0'], ['1981'], Cliff Richard - We Don't Talk Anymore.mp3, ['Pop'], ['EMI'], ['eng'], ['GB'], ['Album'| 'Compilation'], ['b5c2fdfc-d037-45b8-84f9-09ebb7ff8aa1'], ['d07e090f-71f3-48d1-bf71-87a9cbb29217'], ['b5c2fdfc-d037-45b8-84f9-09ebb7ff8aa1'], ['00062658-acfc-4bdf-806f-aa6ec85e8ddd'], ['603ad416-9245-3bac-a542-5d5bc6966c92'], ['0c2853d5-213a-5199-3e54-11849779a558'], ["We Don't Talk Anymore"], ['07'],
00062658-acfc-4bdf-806f-aa6ec85e8ddd, "We Don't Talk Anymore", "Cliff Richard", 44100, 271085, mp3, mix, 0, 253.728408813, 0, 6fdb54a0354890ae18d2337608ae41eb, -8.63569450378, 44100, ['65e8490d-dad6-4476-98b4-8d5aeea8bfb2'], ["80's Giga Hits Collection"], ['Various Artists'], ['Various Artists'], ['Cliff Richard'], ['Richard| Cliff'], ['2008'], ['32/32'], 20 Cliff Richard - We Don't Talk Anymore.mp3, ['Pop'], ['GBAYE0100642'], ['bootleg'], ['album/compilation'], ['89ad4ac3-39f7-470e-963a-56509c546377'], ['0e7cd180-3323-4ca2-a101-60f967d7d292'], ['b5c2fdfc-d037-45b8-84f9-09ebb7ff8aa1'], ['00062658-acfc-4bdf-806f-aa6ec85e8ddd'], ['bd56b93d-309f-4e23-9eb0-29d52fc9ce33'], ['2008'], ['Latn'], ["We Don't Talk Anymore"], ['7/19'],
00062658-acfc-4bdf-806f-aa6ec85e8ddd, "We don't talk anymore", "Cliff Richard", 44100, 128013, mp3, mix, 0, 249.417144775, 0, d961c4f8a64e87762b9410084f4a32a7, -6.15704345703, 44100, ['AQADtKKSrOVw_AhzQluXHNWPlC_KDp-E-_jRI_1IaMqD_kjTHvli3HiOf_Bx5riPn8OVD0cTdQ9yo2jcbLjwIswPRazwL4g3Jnh2_MIjNA_KI9d4aIkehD-eg-fxG_3hTI2PDyeuMUif44f2HmH5wOjRH38KSt6RT59wB_qO10ek9uiD5jj-45OM5kyF8Dma_JB1ERdz-MSZo2Rwoc8Mn3jg6BrkZsbXHM44-PiPquh1NDtyoxO_EDaFasvxL0GfBXaEHnlEaMHELily4jp-Hd0Pkzz-B_2Rvyifw49y6Dey83iS4Q98ol-M8LgoQXSYG__Rhx0uHT3RkAd_dBRS6cIVIdzw52ioZE9QSRKYQ6yDXkLO5OiZwuHxglKlw3WK1MI1yE_RSD2uLDn0HFeUo0cY5SkuvMeDP3h75FmO5ppRTlRxMRfaQUu2CEc3KjmcJvtx-LnQrgVjZYcWH1eihPi2HJuO87iORzmaH7VjjNWMMDz6ZniC7rCTHcfDFP3AXEKYM0fiEG8qlBrMGz_OYHIU_PiL6ZnRRHko5EqSF4eWZzl6DXnw4y145TiPZllOhPJyoR8n6OVxDqV46Mf9GCG7FN_xw5qOPlpRK8ePdIlOohceiWKC7ENpRSUaBtdUHbmDp4ImhNEHPk9x4Q-u5DhOF3meoQ9zeMxs9ODxH4_wB40bHX2sEKX2oDlTQg-a_qjwJazQ97COlJpunMVHID3uQKYipCuPasdzNKR-9EHIH1qObKgeHScqJT9YvuhnBenZQD5y4oyEkyl6ScWXpQpyH_pU_EhL5XiPOzj-qOAUI0fXHFLS41_wHtfR3Oh-MEmzB6WUyMODZjk070KfI0yVCBeXBI10TJKRz4PiJUfDfUOl2cHzQtuPMMPV1HjkR2iOUj7OuKAlNNWJ3kHyfMh31MenJCI8Frt09LpRizhXwlEqTFamZYjDN8bVCX0LLT_e4zqeIzOH8hz8XMhDydiCa4GZHCXvoJ_hUQpa_8il4JE2dHOM5pmHs8e-RME_POAYXsj3oFOP5ngSH5-uQE9QPUeY-riSB5cOHudHI2d0VI4h9gHzOTiOH6OlbFCXDc1xuEd_BpfxKMuGphQm_lA59If3wkenEbqO8BtczniHv8ejD32QXBfCREuG_seTp0RJwmISvJyQyyPE_EOPZ0tVvHmg5uglItpN9JrxYHY2fDrOTEMsKQ9-6MkRfngDuEd4KTinDM-k40F5w05QSg-eGtehSVwOJ80ypD3qHLwSoof_otQeZcgWhonwQ9-R_Xh24SrO4zXiLyPU5BvCPDF--JXA_MKPXhL8oT9yFfpxTsOPRj764HXQSzBHz9Cooz_yuqDy5bgWEf5xPfDT4Up2lGQi9DTCQ3VmvAiPRqFa4vrQZMrRS8btoDlVo8yI_MfpFD5US3iPqemgKA7-Hvkf9OiPeFFfqAmjIvwHV-FAnXhp_Di8PwjFR8TD9tAF5DuYqzjahVoRX4RcJjtiPUTz4_LgsQ5w9OdxzmDyH-GP5OxxdviYozu8opfII9fR5IPeIYdDfD1iFyc-XIffEaWaDz_CXEJvIY8S49DlI02jT_iGixnao9lf5Hgd6DvyoPFRsjiuzcJv9A_e4OKLHH4FMfXRhTweT6jmHHaSQbGOMxfaacazhlCP_oP19HC2XLjUEX6Of3ihJxE8MhH6KMWPW17QfEGP7rAYzbhGNM_x4D3aBT6PkgxuHTea8-hTPOhziA4zTJ9w5OmO_2h4BdeO68i0w3qCbzz08cilwNY8fDx-ODZxHhdavchz9IeW1ch1PChsHbyCDx5pfAmuRkcubxhOeD96Q8_RF44DKzbxJ8cTNfCOXMvx4Cn8RCjRh0gfJTyqHJ8u9D3-46h-obF2hHxkPA6uo5Tyocm-Y0-OR7pwo3li9FTAUA_sZEdIqRW-Crp05MGpD-UDPz36oHB-hDID7UfKo8O540c_fOKRN9A5H_ly-CqFXjm-DLUW8CnS0IF25P9RHvUefOHxo1KKKc_xkjp-ITfOK9Cj9fhlhBe2K0GPfjqcLzXChdAe5ASjHYze40NeKdD0I3uY48Wlg8mP9vFxnOMRToqP5FLhPKh5Y15_PMcnonrQiPnxI_4KnTkRJo11dDkRlsdFGnajHJr14cmDX9Cs6BJsHTFfvOOOOCUeFm6geTymHD1-6FfQLkPaD4ffF5UWHrnQSRqoScct5Jh_nDtxHHaDUOYCbZGOeHwEf8EXDvdxpcKVER-RvhV6Q-cRn-iMq3iQHz7hC9rFHBVV-Dz6KKjTHGEY6fjxoDlRK3gSM8ZRdtiO-IOkZieeH_FL7B92IT_0Ij9cYv_Rizir4CLONCs6hKmiQyeRv6gWH9uP3zMuHifB87gleHh3fEc-TYVOI_vxolGWRM7x3fgjTUMzHWVii8gN_QjzMkc9NjiOSzmOWNFRuxHkN0WeHT969Gi-4zgTS6geB_uPEz3xCeOOb0ep40j-HNlhSguqRCIljA96eN_RMEuOb0eCiM7xHk2coyR_PMDRKlLwb_gP6ynyDiIVnchtvIYPxt9xvEMY-5B_XA_SR8d8GZaOByeDc-hTPGiuoyzid8J0iDo46i3yJcOZAwMEFEAITISDRhBCBDNUAIAcUEgQRyxw0CHngLAMMSQAEcIoZQARTADQBCBKCGFIYAYQABAiQBglxBLEAAGIEEAAhsSQDBBBiACGEAsgUUIwqRAAgBBABAOIISEAEI4IJQggAgBggCBKEMAEEgQAKASBUANECALGCCkEJcYQCJRyBBFKBEDACIIAYMAqYxBgxEoBmCICMCWIY8gJIYBACADKkACAEAOAAMBAgxAAhDgEkDQCCAyIpJAQRgAE3CgCmKAIOAGAQQYgwIgQRBAkEMBUEAAEUEBpRQARxAAijBEAGCIMkARK5QAAUFlAkGAQAASQQcAJxIwAWjDHkCLKAAMAIQAJBBwjEhEiCCQIEQKEAoQBgBkxRChEhOGGMEOQUAAAhIxMygDxhFAGQGMoBgAQwIAxSiCBgABIAaIMQIQpQJRjRFCAiRICEASGYkxAZpACQABDDFFGUUMgAIAIJZBDShhAnXHAI8CAIwQAQAAzFhkhiBIPIOEEQgAg4hAgBACiCAAAQGacEAAATJCywgAMoAKAOACUEgg4YAwQxiHgCNBQOUAQAoBgIIgAjgDSCBEUAyEEEoBoYAiDgABGDCDEEECYZEYYBoQiAiiqBAACACCUGIAAwIARTDlAhADCAGWAJA5AB5wCSFGFHAMMGQGsYQIQwAQSogIAADMCECAIAUQBAxwQiBhhAFJIOQwUMBABBCgQjAgLLAFGAAaAAUYYAgAghhDkgBEEEEMAUE4YIYEBgAAkCDBOAEcQAwAwQBQgQgAinASGCYCIMAYYxQAFQAAiGEKECQQAAYAoBhgRRhBkhGCIGGQEUsAgxZBAAAAgAGGSIuMVMgIAYQxhCCFkBCKMAoKIAEABowAhSghkjEDOMAEAEZAaBASFiBBnlECIDCUAIQIwI4VUgDEgEJCcEEIoEkYBQE0ABDgikGGCCEoAMFIJ4pwiQDFFBDJCMAE'], ['65e8490d-dad6-4476-98b4-8d5aeea8bfb2'], ['The Whole Story: His Greatest Hits (Disc 1)'], ['Cliff Richard'], ['7 24352 93222 1'], ['111.42'], ['7243 5 29322 2 1'], ['1981'], Cliff Richard - We don't talk anymore.mp3, ['Soul'], ['eng'], ['GB'], ['Album'| 'Compilation'], ['b5c2fdfc-d037-45b8-84f9-09ebb7ff8aa1'], ['b64f06e0-73e7-4591-8251-223645410f9f'], ['b5c2fdfc-d037-45b8-84f9-09ebb7ff8aa1'], ['00062658-acfc-4bdf-806f-aa6ec85e8ddd'], ['7b820318-b181-365b-a465-48eed6e24761'], ['66561d8d-358c-dab2-a1d2-abd8e268a7db'], ["We don't talk anymore"], ['25/46'],
00062658-acfc-4bdf-806f-aa6ec85e8ddd, "We Don't Talk Anymore", "Cliff Richard", 44100, 128000, mp3, mix, 0, 255.373062134, 0, 345c841810d7de56c3a188a478b63fbe, -3.14573860168, ['The Singles Collection'], ['Cliff Richard'], ['Richard| Cliff'], ['Cliff Richard'], ['B000069HG5'], ['0'], ['0'], ['2002'], ['4/6'], 1233-4-03. We Don't Talk Anymore.mp3, ['Rock/Pop'], ['GBAYE0100642'], ['eng'], ['GB'], ['official'], ['compilation'], ['b5c2fdfc-d037-45b8-84f9-09ebb7ff8aa1'], ['7dfcc7e2-ea0c-4ccc-baf3-43a88db3ef10'], ['b5c2fdfc-d037-45b8-84f9-09ebb7ff8aa1'], ['00062658-acfc-4bdf-806f-aa6ec85e8ddd'], ['Latn'], ["We Don't Talk Anymore"], ['3/19'],
00062658-acfc-4bdf-806f-aa6ec85e8ddd, "We Don't Talk Anymore", "Cliff Richard", 44100, 192020, mp3, mix, 0, 253.126525879, 0, 08843c3e94d9d963c5be08c3b65e54c9, -4.27330589294, 44100, ['AQADtFqUJCpDVDsC7Tus0kPMKRlhPkG96PiJG98RlvBzVJoidIdew5sk40d79Bnuww9y5riHC9_haajSo9aD5sFLIUfZQ9nx6UO4SsHpg2VyXDwRpj96aIpGeGuO8OjxLMd5PPCPikIPPwu6CTn0FOceFN7x7Ih_pEwT8MElHj8POVN2IN6DKavxHcefoiHnDf0Q6oV_XMoP1TE8Fl_y4BwedvB7bGMOTR_eFFUppOt0fLDDIz92NF90HF3zwamP4z_8LGkoPEctQm9RFtuloFZG4hF-9FEOikfZ4cFzNI9RMjs-Qb_RMVGwHX0i7Ax-NGdQksfxJkoFHZV-ND-eI8uTw1XByBGO8GEceJ2O-tB-oumRn2hpGN-JB_Q4InfwSRCr41Z6-DK0ZnsSvCmuKAgzEn1CHO9BKsePbI_w7GjcoKxyPIUe_Wi44Ic1LkfVhAfjGw05PB8ukrCb4lGOfQohJsd5CteP72iISHas4NqFhkfxoz8oeT96fFmO-wi7RNDyIHYefM1Raseq4zzcLUWvHC8uCs0wdc2S49qHfBGaP4L2HLkMjqaHN7ii4UTDPQgpRZmhvcilDC0ufsh1QZFOGp62hEil4rqwOQuHZ-mR9_hholwySUfsBz8-RYWjHL_wBr8RQss_vHPwCTmj48KN_8irDc2DnviSB_-O49QRrunhhjryj0GzPsED7UTTH7yPMzOa83iOS8Wlwic-HPJ-vDquEX3QJ0dT5WBXaDfChB6OB-Xxvih5MH-QF5-hK3CoIX-KXmNwsgryQNd8hM_R5HiT4z5-5NCfIpu4BD1HWBOPvuCPrkGW7MmhH061GPeFKzvRLBwl5NLR-MinBGNyFQ1rVDr0DV8yC5GSKR_KO8hXNmgUQet45AxT4UdzlJuC02CmKGhu4bGKPDsStCPOhIUj0kWPM0bpHc-FZnpX_MGzpFnwI_096DtuDuEvXKLx5fgXgnpWBemlTPigrEGpP_iDPhaabAzU97ikHHlqWNOxZ8epo89wHUyRL8mFWw_aG02-47ogf_iboIkehK9BL3mQaxkuUfijomryQqyO_OrBPMeP-kfVIHrGQUeFWEb9BJ8qGo8ko4-SIVKU49DTozsenBwkV8GlHPGH-3h6XCIHp82P8Id-hMmPcrieEqV12EklIdcuyO_QHJeY47khkTkz_B7CPEWfREnxjBb6fji-VYj94FIOWXnxIf2C3PAhHn2U4NSEn7geH5p12MmRhXrAJ1eRb9ASkYETT0UWJzhFHQ_R4G_A_RFSRQkFMe6Oljt-5AafC9-H2MsKPcoQRulx0TL8FD3okRL6Hz8aPNmRF9cu6BxKyXCoHNeCMzQ85tDqOcY1NHGO8OPwp8KdHEy2A36PB-WaIifxH9pxHumo486D-4Z9lEx-nDz8LMiTvLh8NHqOLuSxD9UMVxTCH8-NHkf45IW6ZVYQJ9LRNxn2jThxgfrx9njGIU5ZQqVIieg1BCeYo7-QR4mI64PcJUR15LaEnnGCXsNTCejRJ4uEMD_0I5c5_LzQKeTBsrBzXBHi7xA_HE2O-ygXBsfxcSOcRhfqk8iOnmj649M-5Dn0t2hCyQidZMd7gRPDo_2NZsgv6D1ybcZ1eE9w4j1uLQt6uPvh-PCF0IP2bkSTFm_Qjh4cRzpuwd2hjGuDXmlxHOpToTuccZWQjsyJK0f64EsinJjyJdCXPDiXomrCwjpy-NTxIyWPHjv-QCuL5oacCvcx_WjcFEcfiF_Q46GOWM8RnvitwD_8QG1h6Xibg-WQM_A648F_nIN_XOzRSSH-HT3So9cJ_Q7aI9OPMzw-BrWyTcWfoJmUHZW8Y0925GOKZp2gH-Evoj8cKsHxSHC-CJ-QPse-yIJrB--CdujDYYuzoLuM-zF6w3iO78Qt_ETYp8MRPp_gPYg0LePw5sh5Dv2R6RN-B7ZwMkVoZcd16AhtDz-8p8KJw2n4oM9yhBrEIzyHL0T343h55NSOp4T8487RnE9xBm8i1Ml0iB2P6kP24_joGA9nHM_hONHx6vg-5NCkZTkeHj3yaETzoy9eo4ms1EJXZCmSOkN_HIy2Gg-lI4b2ysgZXLnQDO2PHz_iSUeyTD_-4EdFYc7z4lroo8-Dxsd75IPOZEf45LByIeyPa7F0aBbzwR_6K8MlZ6iVQ0wTCbncHKtN3KTgF3WE3DmaHz3-46SOPERT49XhMwh5XOiHK_BzgzuO6Nzxw0W-BqeWEfqOVD5-4ruCG0-iHD9yroIPjeSLRxLOOqgc4XNg69B1nAl8vA5epYOPw_YRWjsu9Knho41S7OFxXajE7EjPQPp2pJui4J0zfAtuDdcR6HqQEy6FHb2OqyzO7-gncUgLWQvCL8R71Lh6bKeHl_BX4uDx3rhiwjdyRnEhqojhEa2SXMJj_CEN_3g-DfkL7R_S10HP4j4egk9wScRz5C60XUwIVznSCj16NGdwXniPXlsC8_CH_niX4Dteo9cTHHmORIczaUcXMjivoDmurzCXHOWisEeC2Mfjo7_QjMxx_OiLfIwQJ43wHenb4VMOkdGHPkdIHs3K4sOPcoWvIAYfHeK64x-unUGOO0WT48EbTHmLlthRHZleqNGRJxnhMxaeAwYMAEyAwxCACmBAlBAKAAUBQ0g5YgABwAAGAAKCM0CUQkABcgwQghlCCANAAKAIKUJgBYQQxDAGBEECGMCUFwQA4AgwQFkFFMDCCacYEgYhJIxSACAhhhDEEGAQAEI4IJCA4hBDAAJKKEiMI9AwIpQAABgCgBPIGMOAUgYgpBQBhhkglFHAIEkAEQQBgxggBAAijFKIICaIQMYQwwRQhApDqNIOWIGAIcYI6pASDAlikBGWCASMIpQQIAABhAJBhKOAAUMwEogxBo1hClBhhDDGAKCUEQIgSYQwBAhjBAGACEQMsUZAQgwxEBCKGaIECayAEYAhABAwCiEAiEHEAcAUMA4JBQgyRhEjHAQECISEQpAQDoQBggAjhFAACgUAYsQIp5WhpABsEBAIAWABEMAI4IwAmBgCADAIEASIMkQ5IgwjghgGhDDMEaEQoAwAIZAz1hBjlAAIAwAYgUQZoQwTCBAiCIAYAKaAMkIgA5QBSghCAAEAEocQQAYQkIAAQjNBCKKAMWEYEEoIwBQAEgoDABAIISSIQABRJABHABBCFDBEKACABAgIQwUDiDAjnBACKEBANAQggggDAlBIAYLEcMiQAkYoioUCVChigEAIAKCUAYAIAgRBQAmgAAECCWKEEIII4gFATEghCBKCAAYQpMwJCgAgAghghFJCEUEAJwpQoRgTACFCgCUCCGOAQAAwoRRAhCKFCAQMCKIZIVgig5QwVgCgkAEACeYgYEJAAQAgggghGAKAKQeAAEIAhgQBwCABCCOEAWUEoIAIIRAIjkABhAIAGIKUQIQA4ohAiDAKjGCMMEUJQIIBIAQFChmhDCEMAASEJQYAAlghwCghQBFIESAIIIAg5wwgEhFEBmCKECOEEgJIJQSSCAhgKAEQKECIYVQ5TRgBxAClEBKGICUMAwIgQAlgFkgDGAI'], ['0da16581-c379-447a-8a6c-02edb8f21bf3'], ['The 50th Anniversary Album (Disc 1)'], ['Cliff Richard'], ['111.56'], ['50999 2 42389 2 2'], ['1981'], Cliff Richard - We Don't Talk Anymore.mp3, ['Soul'], ['EMI'], ['eng'], ['GB'], ['Album'| 'Compilation'], ['b5c2fdfc-d037-45b8-84f9-09ebb7ff8aa1'], ['b8427f56-69a5-4106-a85f-f9b267d4bd1e'], ['b5c2fdfc-d037-45b8-84f9-09ebb7ff8aa1'], ['00062658-acfc-4bdf-806f-aa6ec85e8ddd'], ['6b5db43b-2555-48cb-9a5b-030d6dff6347'], ["We Don't Talk Anymore"], ['29'],
00062658-acfc-4bdf-806f-aa6ec85e8ddd, "Livin' Doll", "Cliff Richard", 44100, 261751, aac, mix, 0, 258.159454346, 0, 4498bf67703309bdb9e175042f091563, -11.5067005157, 44100, ['Remember Me'], ['Cliff Richard'], ['Richard| Cliff'], ['B000026EGL'], ['077774874229'], ['0'], ['885325-2'], ['1999-12-25'], ['1/1'], Cliff Richard - Remember Me - 01 - We Don't Talk Anymore(1).m4a, ['GBAYE0100642'], ['EMI Music Argentina'], ['English'], ['CD'], ['b5c2fdfc-d037-45b8-84f9-09ebb7ff8aa1'], ['7353b47b-91f4-4a86-b3f4-cd58feab2eb8'], ['b5c2fdfc-d037-45b8-84f9-09ebb7ff8aa1'], ['00062658-acfc-4bdf-806f-aa6ec85e8ddd'], ['8f28b187-6336-3ca0-83b4-f408a6714cf1'], ['Latin'], ["Livin' Doll"], ['1/24'],
00062658-acfc-4bdf-806f-aa6ec85e8ddd, "We Don't Talk Anymore", "Cliff Richard", 44100, 128013, mp3, mix, 0, 252.682449341, 0, 32a57dfeedb2847a25bd038f62e34cf0, -4.02976608276, 44100, ['AQADtFqUJCpDVDsCRd-FTSWLmJOOhscXCf9CHPnRD7YPjY3wHp1reJfR4_vRZ7gPPzp-HBd-pNOCrhcq6mgevEZulD2UHZ8-hKsU3GCZPPiJMFMT9IemSOHhBzkP-FkOj3gO_ziFwyqDWjkCPQxa3sgP_zgFczzSmAHLPPAXqOfxTDw-xDu21eh3HJcYNFx21NoR6ofvQJZy3Dn84snx4yzeY2ZGaHqKNxNClYnhdcJhjsGFaMcXFRW65gvh1PiH_7DDGA8uQd_hYfqCbyQe4T56BZY6MB-eHn3wx4Kfod3R63gU7D1ENdExnTl6-Ay-8DBc0UJnHhp_-DkYLTP6HOmLPkK2ow9leF1eaD5q6Wgiz8hRjWjE477RI_OO0xFOiKGC5zBLQ_PoJLhUI1dQiUSTJ8TB9riOC_Ejg8-Oxg00Vjme4tGPhsRtNBp1vMnB-GjI6DhqkVLQUE1xRYfyhnCS49IpXPgeYwp91E9H5Doa9PicHD0o-ejxLcvxI-wSQUse5NkbfMa0aMeP83C3FP2OT8dFodmPqSsT5NGOR4eWf6ieIzf4Bm-Y6PhwEc3iI_xGQX9RSkHYGEce6-j7QJyoFM5Y5GoFq8eZcDrywzuunUa4dCmejQmu66g6RUWzHL_wBvmhHc0_vHPwCTkjXMd9_KmQV0YfNCe-5MF3XMd1hGs0uD8e5UP6OTG6Fn2gpQffCyXzIY2JP8dVfCrSlfhwiNp9OBWuLWgf9DoaZgcfaJRjhMmBDz2evih5MH-QF58hWsEp5E-KXmNwsgryQNeO8BGa3Meb4D5-5NBzFjkDRlcygtLQJ7iO8IkuNMoTQuqPJlUUo7zw7WiWJZaQi0dj4luOUVeRSsX1Qdc25OEmTNoyD83WOMjLQuMRhmOOhxZ-gTq-zTg6RUHz4_GRPHsQtArxhnBE4sQZ497xXPDeFfXxLF-E2D38Q_-RD8-JSyQelLkSUE9UxUjf4iSUhSFK_cH9oLmFdgx0dcelILdhTTmOmdKJPkOfg9eInMmFW11QaPnx6niEPxWa_EH4GnSUPMiVDJeMPyqqJodYHSGvHnyOH8eZIHo-6EElBJVEL8FV44to9Ml2REr0GL9xoz-uJzgoTtMORwrib7iPp8clcnDa_AgP_UeYVCh_XE9RWkfqpBSudYLeodFxiYGeGyRzBvHToXFF9FkcnJJx9yiPT6mGmOKhMx-uXMiPaznSGod2Hs9ynMM7jbgeQ_sPN8kRUsdzhcglaIk4wYmHLE6OUxTOo4f_4o-CTEkkCmKa7uiH_ARf47nwfYi9rHiUQYt8xLYM6ina4xf6SsWP5jiP_MFzQc-GSjTe5PAb9KGhZYzmgNGOa0eY5-h3_JlwMXnRH3iPPviaIifxQ7uR8_B8_BfuD3aPkol8nDwaJwtCLTr-F40eHRMp3IuOaoYrJghfPE6DPsjRpyrURZmHOOFK9E2GfSNOXPAPHiWZiAhFl1BTkkSvGciJ_mB-5FEi4noEuUtRHbkt4YyF97gloGdwbUL6C7qQizp-dMrAUjzs4FR0pD_6LNBIND9OlAuD27jxcSPs6ELFk8i-og-a_viSfcijQ3-LJqQRbkl2_ODEHu2PZsh5QUeuzcJ1eBfO4L1wi2h6Hb_gw88RUoP2Dk208HiD9h4cR1JxiOeEjVGNXmkIHOpTodPx7xpyieHwHOnxJVFwYsqXEHpyvFyKagth_IHv44MftOPxBn_QLkXzGk-F--jRuKlw9IH4BdVx6rie4zzae_APP3gLUTr-HOyCfMG7HHY-3DkORz0e9rhC9EN5pNahHeVjUMSNPDw-5kUfBV3kaNiVHZ53VE12hB1TeJ0KHb-IHI6TAw8HR49wIc_hz_idwF-gdehDiHEWofuF-0IvHM-Ra4dvvCLap8PR50O655imZRzeHOc51EamfhL-4BPSF99-9II-5B-qB95c_MH7wA6PPkQYaEW-o1yH__jxI1XWaIIv6HEOPzrR88Gl4Bk6JVly6NlyUPkQHv1Rj8fD48dzOE404i3WHfGZQ2MUYm6OHnk0otfRXHjQRGsu5D9oJP3QHwcjB2cixDm0N0fO48rRDO2P4z5yaUeyRHKOW8Fz1MKoPC-uhT765EGj48hH6Ex2hM9hpT_yF9fyQ3c--NkQ_hlyyYlQKxDTTIisrTluEzcp-EUdIXeO5gfzHwdP6sizoCFOHR4ZhDqOloO1g-fx40d0Hh5-5A0uLiNERseN-CR-PNTxZMGPnKvg99BI5ngonIyDO0LtHBYVaD_6BI6Pb8GfwscPmzpqHbnQHz7aKMUeHteFytnhkUGieNERcslCWP_wY2yqCXuQQl-ResdF-Jiu4ypxfkdf0Ug1ftAXhF-I10MN89jz4T_O6TAOdopofCLxH-mztBBVxIePMkpy4knxk4ZPPMcfKQhfDuJr5GPR33iIB5ykDM-RO4S2J4Sr7EiP-iia5ziP9-i1BeYPf0ePd8lxvD16HUeeE4kOZ0SXpTgfNMflHOYSHX0U9kiO2Hh8oUczZjn-4uiRj1ERqxHeI3WmDm-ghdGFPMJ5eBp7HM9E9IOvIBue5IW44t8Qaw-OO0WT48HMBM2LltjxI0teqBGPPDleC34OBgQQiAmwGAEAAQIAIUoIAZBUFiCFlCMGEEQYU0IgwQBQCgFAlUHMICGIBEAIAAEgpBBDgRIAAWUocUwYwZRywCkCCEMKEKQAI0RQQARQgjAimAAYECCEEAIgICgQQiGHgEZAUSWMgUZAYggQygAAEEAAOCSMAkohYwCCChhsFVDMGCUIMYIgYJBhRgGCCCCAaAAIAoQQQJgAQCAhlKJCKACEdsACpIEhxlDgCFJMAWK4IIAJAAQSgghBgAFGOAoAcUggwRwmhilABRDAGAOYMkAAIIkAQAGkDFACAIeIAUgJoABi2ikCMWFIUCCQEIsAIwgDwCikCNEIEMYAYAoYgRAhiDAhBAWAAIUAAoMYBoQCggAjBBPQuAAAUkAYIKQwBkAgDAICIQAsEAwCAQxilAAAjCDGYAUAEVRIBcgxDBEDhDCEOUYUQlYoAJwQhDjjiDFOIMcMYIRIQoAyShAAINCAECAIMAAzIIgCXgBkAGAGAEEIIEIQJQQwQikgNKNABMWAMAwIJZgSTCjguAHACiAgEoQARJEADAFACDHAEMcUAApIYahgABGgAODACCSAEgQaAAAQjCDCABJKEIAUIIohIIARFAsjKBDKASAQAgAYoIgwBjAihIFCESEQMUAIIQRbiCJBlBSCCAGYAAZrypBCABABhACGKEAcUQgIqYyiQggqhAKCACscEQIIIgBjSihglAOKIEIgk4QILI2BEgEggDCGIAAUQQYAxARRTDgBACCAKMYQAI4IQoARBABBFBEAGCQAEYQRoJDARBkEBHWAIIaAEIAhQxQiBDDhCAACKaMMEIwxpZRSBCDBhAAUICUQIIQBgAASwjpiHBAEMEMEAAQIUAgmgAgAjBIOEomgABgxpggxAgihhDBACIIkAEBRIhgAABAsKFGkCEWMJAg4QQgExiiBAFUMWKCMYAAB'], ['0da16581-c379-447a-8a6c-02edb8f21bf3'], ['Platinum Collection (Disc 2)'], ['Cliff Richard'], ['0094633380325'], ['111.57'], ['3338032'], ['1981'], Cliff Richard - We Don't Talk Anymore.mp3, ['Pop'], ['EMI'], ['eng'], ['GB'], ['Album'| 'Compilation'], ['b5c2fdfc-d037-45b8-84f9-09ebb7ff8aa1'], ['91c4064b-1f6f-3d8c-acac-b65629a49d19'], ['b5c2fdfc-d037-45b8-84f9-09ebb7ff8aa1'], ['00062658-acfc-4bdf-806f-aa6ec85e8ddd'], ['cc846116-5651-3330-846e-c6c2b5be85e4'], ['cdda1690-128b-71bd-7a62-f14b70466e85'], ["We Don't Talk Anymore"], ['19/73'],
00062658-acfc-4bdf-806f-aa6ec85e8ddd, "We Don't Talk Anymore", "Cliff Richard", 44100, 250803, aac, mix, 0, 256, 0, 50d4059a0f5e2e6689c5915f17cd2d60, -6.23894119263, 44100, ['40 Jahre - 40 Hits (disc 1)'], ['Richard| Cliff'], ['Cliff Richard'], ['Richard| Cliff'], ['B00002469F'], ['PLAY-1011'], ['1'], ['Alan Tarney'], ['1981-06-15'], ['2/2'], ['Pro Audio Converter 1.5.1'], Cliff Richard - 40 Jahre - 40 Hits (disc 1) - 02 - 01 - We Don't Talk Anymore(1).m4a, ['Soft rock'], ['GBAYE0100642'], ['EMI Records Australia'], ['eng'], ['Vinyl'], ['b5c2fdfc-d037-45b8-84f9-09ebb7ff8aa1'], ['55c0ad39-0f42-490c-932a-1d44c80199a5'], ['b5c2fdfc-d037-45b8-84f9-09ebb7ff8aa1'], ['00062658-acfc-4bdf-806f-aa6ec85e8ddd'], ['1841ed07-aa54-42ae-a76f-359a216addfb'], ['Latin'], ["We Don't Talk Anymore"], ['1/19'],
00062658-acfc-4bdf-806f-aa6ec85e8ddd, "We Don't Talk Anymore", "Cliff Richard", 44100, 192020, mp3, mix, 0, 253.178771973, 0, 137d7a3f6d4f9285bf15ebdbde80ac55, -4.37258529663, 44100, ['AQADtFoURRNDVDcC7btg_ciXRISzbEG96PhXHPmOloO9HWWH6pApzfBK_EJ79MSbwz9-HLnww9OCKhfqo3nwUsiPZoVyfCqHcNVwH7xePEeYOkcfaIpGeGuO_Di-HCeewz-qRWgPPwu6CTn01Dh39PBxHt-CU8zB54EnEa94yCmPD2l2TKzxHcclphsaLjNqDaEO_3ikHDrjGn6PLzFxHg8Lv8c2Zob6DF1ThCoTvPiMM8Y8EenQLyrxoc8XOJGMXsdPNM8SPMd1aI8w8TC5oN5IXBHuo1dAsUPnHU_RB95j4RnaPdAuPApWFs0THTuDHnYYnDzwKUsF7UelHyYPjseTI31RK0L2o6cMb1qOij-0H03vID-qEcZ34kF2jvji4BLESMIf-JILrdniJHiNXFHQnCifEMd70MejI4_ANdnRPCirHHqKR0fD5fjBROPi4RVRq2jI6PiHWsyIpqmxL8qhMyGcHOcpXD--o-ERyfeI62iO9viP_qDkoz--ZcGPsJOg5QviJnuDvWg6WLpxwt1S9Ds-HReFZsfUMzlyKccXHVrODuFz_ATv482OK8WJhjtCMhsFzS9yKUMb3B9yvdD-GI7kFCkZ4lEr2PnwsEfew0uP--iTSTpiP8F_fJpWNDv6C2-QH9qP5senOcKFN0JuHZ-RZ_ikozlKEk-O4_qQ60fXFG6FJ1eKdIyXoGeOPtDSgz9CLjl8XvBjXOqRS8WJD4eoHa9-eBrRPuiTo2GUg2egSboR5sOHBz3K9CrOD8wf5IU8w1YQU_iTopfG4AurIBf0yEf4HE0u48F7_Ed-SM1Z5BOqc4Q1Hz14HeGTg4meQDuaXDm-XXi2E82YSwgt6bCP6FuM6xEs4bIHfduQL9mKJtuHibODfGWhZTrCaTzOMBV-wQ--aODRKcrR_HisIj-SoyfOhHBEHj3OGKV3mLmK8j3-4FmcBXeR_hn0C_lR57h04cuOXwmoR1WQvngUQmyESvqDP5geC1o4BlePXDueGtaUYyfOE30iPAfzIVeUC2_0DD0a_nh14o8CvUKTB-FrPEoe8MsQS1Rw9qioOIU4HnnSg7klHDU_TGqEPB_0oEQQUg-uajHiRRLCR8nQRNiF56gOPTg5SK5yXEH84TveHafEw1TzIyz0H2F-VBqup0RpHXYsCfl0QVcnNMIl5nhGQyLPDH86hLnRJ0uKU7LQusePbxVin7iUD7Jy4UitBbkPaCceJTg14cf1eIVm5Uido9SD5ypyJYKWiIUTT0XoBDxFHQ9R-G_AOY-QKnICMc2PljvygzeeC9-H2MsKPcrQKO0Qi4efCT0-UgLzH_7R49mRr_gu6BwqScanHL4W9KGhZYxmtI_xoXmO8MuG3wIjMTns4_CZow--pshJ_NBu5Dw86qicBxdvNEfJ5MdJ2Mly5NFxvWh05ehy7EE7OGyEvkYex-hxhM-hblEexIl09E2GfSNOXPB_8DvORkScPYPqk-g1BDzRH32LPJKI6xHkpwhl4xYlvE7w4pZQnLgWCekPHTFFccGPTll4UDuOKzrSfEfZQUOT4z5KJQXwcSPcRBdCnQTPokdTDl8yb8ijQ3-LJjwRjtpxHZwYHu2PZsgv6D2uzch1eE9wGu9xaxma9zgVHf5xhfA-5CG0RAuPN6h2D36k4xb0Xdh39EoYAj_0VOj0w_kqpCNz4srhI0-iYBsX9AyePNC5FNWUEBbyBP7xI_3RqscD_cFUCc0NORVGHz0F2xX6o4f4Bf3w8Lh-_Gjvwd9xiGlh6Xibg-WQHx6zFM9x5_DxH-_RSSE-lEf6o5ygxwHTIzfs8PiyHP2OR46GKVWOSt5xDflToVmnQscvIofj5MDDwXmET0GeY3tkwbuDL2iHPhwcZ8G0y0Lsoxd8_Mi34hbxkSifDujzCd6DaVrGIdZy4z_6g_qEO_Am_Cny7Ucv6EOoe_jhPanQo3_gmOizHGEh5kbIow9HHD9eHnlX6Aoe5_Bz9HxxxngiaE4KdxL-IcvRH_V4PJxxPIfzHV-x7sgPTcr2Y-7Qcwifwj_6Cn3h6DnCVTeYQnWG8MfBSMQrIe6hnYmRH1cuNEP748dzIdR4InH0ww9-TJKEPy-uhT76PGjE40c-6MmO8IeVXshfXMsFXf3gH-GvIJecCLUCMVomIvrm4_5wf_AZ1BFy52h-9PiPZ9RxBmEYXIfHIvxxoeXwfaDyHMeP6Pzxw0XOBBf5QI8epDL-hfj44MaTKMePnPvhHxrp4zFx1gjlCPkc2MqhH6fgvMO34E_h44PtI7SOC30OE7XSYk-I80Ll7EjPQKoWHamThfg_7FvwptieI9AfpI5wbOij49JYnM7QT-KMVIO-COHJ40WN69j-4eXhH99xsFOP70h345kLUUUeOA1RMrmEP8Yf0vCP59OQv9D-IX2NnhXu4yH4BJdEPEfuENruhHCVI63Qo2ie4zzeB7024SR-9HiXHMfbo9dx5DkS_XAmoQuL80E_eA_MKBHKRWErJIh9PD76oxmZFz_Qv8jHCE8a4Tv8HvqUC2b0IXyO_mg6FjfeoESaKzj4HeK64x-uPciPO0WT48GlYCtXnNhRHVnyQlPEI0_IwmeM5wADBCFKMAEKAxJQQJQQCCCJLJAOKScYQIAYpgACijEHiFIIAECOEYoMZoAgEggAgSKkYAWAAAARRhgQhhhGgADEEAkUQogYAxhxAgiGBAPMYAKEQUIQogwATAihhANCCigKUEQQBYCAxEDBJEHCGMCAAcARABADShmAkAQKMgCQUcAqBpgRAgoCDDLMCCCIIIAQYIBRBBEFBBEIKCAEE0AhYoAwhAjACbAAAQYMYcYA5J1RCskClADICCUkEwQAJIRwjgJggEMCCYAYw4IYBSgBwggClBJMIECIQEABwIQBjjAAiDAEACsAAEQYY6Eg0BJMkKAMESEQVkAQgRgACCkgASDCOOKEYgoYh5gSRBFDlGBUAAKEFAgAASUIRhAhjBQKLAKQU8IwaUFhxAhGBAAAAMGEEcAZgYghAhgEiCFYIUIoMcIwYhgQxDlGFAAUACEEYA46YoxyCBsAACBGEqKEEgYASAAhgkBMARBEAS8AMsoAKwQRBAAJHDaAELKUEEBoJggwiCABCAOCASEIU4wpIMEFgigkEBIIIIGUJkQBYwhyCgAJECCECgYYAQ4IRZBSSAAAFAEAESAgIAAggpBgAEpAIRGGUISUEQpoQQAGgjkEhLAAAEkUMwAAQJjQQigIATFAOIGEIoAtRJFARAohHGAKI8sYBUIAYZgCSihKhAFCEqMUEMAKYACgwhCBlAECCcEYAEY5oBCBAECJCABQIYOAYEIYI6CQBhkAkFAKAWagMAAAIohggkEAICAECAKEEkAJIgAAwCABCCOEAQaFIkAo4CwlgAgCEQACAGAAUgIRAgAgwBFgEGJIGSAYU0whQQQDQgjggDBKIEEYAEIgaxQwBADBGBfGEAaFYUQgRYAggACCnDOASEQQSYwpQoyhQglhgBAESQQcUFYoQIgRlABGACNAAAGUEkgoIZEShgEFFAKUGGaBMoAh'], ['b8327dee-dbfc-4906-a210-3352f27cf1e4'], ['The Singles Collection (Disc 4: 1978-1985)'], ['Cliff Richard'], ['111.56'], ['1981'], Cliff Richard - We Don't Talk Anymore.mp3, ['Soul'], ['eng'], ['GB'], ['Album'| 'Compilation'], ['b5c2fdfc-d037-45b8-84f9-09ebb7ff8aa1'], ['7dfcc7e2-ea0c-4ccc-baf3-43a88db3ef10'], ['b5c2fdfc-d037-45b8-84f9-09ebb7ff8aa1'], ['00062658-acfc-4bdf-806f-aa6ec85e8ddd'], ['4674d707-97ac-3716-a37b-0c971323e5a9'], ["We Don't Talk Anymore"], ['03'],
0006bab8-2a26-4f8d-8289-56d66ae01c68, "Eleanor Rigby", "Aretha Franklin", 44100, 260584, mp3, mix, 0, 168.359176636, 0, ebc71bbe762bf39f8accd4181ac13aef, -11.1173019409, 44100, ['The Very Best of Aretha Franklin| Volume 1'], ['Aretha Franklin'], ['Franklin| Aretha'], ['Aretha Franklin'], ['Franklin| Aretha'], ['AMCY-2662'], ['John Lennon - Paul Mccartney'], ['2005'], ['01/01'], 302. Eleanor Rigby_2-48.mp3, ['R b'], ['Atlantic'], ['eng'], ['(CD)'], ['JP'], ['Official'], ['Album'], ['2f9ecbed-27be-40e6-abca-6de49d50299e'], ['2c5df1c8-f36d-4aa2-a3c1-4cf78d3af864'], ['2f9ecbed-27be-40e6-abca-6de49d50299e'], ['0006bab8-2a26-4f8d-8289-56d66ae01c68'], ['24838bdc-a5d7-42e2-8705-76e9010334ba'], ['Latin'], ['Eleanor Rigby'], ['14/16'],
0006bab8-2a26-4f8d-8289-56d66ae01c68, "Eleanor Rigby", "Aretha Franklin", 44100, 0, flac, mix, 0, 158, 1, 167434546c8abfb8735b6ae5cf86e117, -11.2330627441, 44100, ['AQADtEsiJT1xnnjyB7EOP0cvr3h_RMd0DY7zgcda2oOP93DR5_jR7An6PEjeUEe-Ee6Jk8Nv_DkmK8vRGByVBafwH-kYHaokHdEXVD1cN8LzXGgXXHxwfD_qhKmCLY-OC8wzJEHO4Eqc5viJ_mh0fD7uyAueSBrxo--OEylZItl74vzxYJYuo_qEMHqH5MeloE6yoLlxncET6QJjZSHR5EjyItTQTMF3Yd-SoHt2NJOyE9eF6-iVIeEzI-RjNA_BdA9x9IF_hOJ0aNz0wTXRMwz-CYeuHJUWIs5u-MkxPfrxPviRH_2gpSTxXDviDvfh6XhyIpcZPDEhZo2EHB_KCU0oJkwR-RT6I1GyJCwu7GrQvOgr4Q-eZcgTS0g44sGP44xVPB-aMU9wPDiFSCf05TJyCtXihkQjNid-gMm1IPSO73gUDn-g3UJDbVijo6cgPkuD5u_w6MajSoX7CvmRK4nRqDk0H3bwpQ7uZAijHqGa4DsO7UnyoXF0BbmUoy_RZOsQpy_2HFqaUEboJgFzNFeOP5LQJskTvIhOJAuPv_j24JMuOHrS4BWuI_mMMEu2DCVxv0GVjZXROMepI_KjoeGWG-VzcKdkvFmCWRfRVIvRJw5ufEezpULIHb0-pP3Q_oMcfkMTJviP5u_wB_-gh0XuldgiZjnynAu-CnqOLXSC5xUuRU_wyMQPLctRaiWeoHkOTXQXPCeuQcseoR8RPXlw5QmaJyKe4_mEP8kQUiKJZL8K6kdfCRfTZKjoB01y6niR8EOeHDMvHFU2VkET88Wd4QhTH30wnRqaOLnwKDnyIn_QjOiXQOcDfrj0ImfiFk2qBbVxYUp52FmPmnQwOs9xjY1xHa6ygg-O50ognnGMZpGOkkyGP_jB5EFF6cIvvB-ijVKK5LdQG81zXBPRJMc3TBmzDMfZok8M6jHK7Md1PJSFiNSR3JhSPvh4lKmFdy0OzseUZH-Gngi_Q8sThUG-wBMVPEoW4qIHv0fSI4-c4lFYYXuO8xLY5orAdB3hMUK0HF0PlcqDHmG2MMO3II8-6HnRax9iGk9RNTme3OjC7AjzMBd0HvGDXleKMzvKpAly4WGyHOqPPh3C7E6GR8JNPEfP49SDY48a3Md9ZMl_JKeM28OeR-iWXHCPngiSH3-GR8cpHU704CL-HZF-BVqP6yle5cFfPDp6hFFOg1Okp-jhKwg_YYfO5Ih3BVcQimKgJd_xI3_wHaeOSrrxIHU0HT1U6gqqvMkRZkV7bEd5PPkQWlmYQcslPNYRPwqyODVqQWOOMMepRuCe49mG6Q-auSyiP0dylFKP5riigJ9TOBSDL23R7EGkFklF3EnxPZOC-eh3NHqO6HgeUtCVw9WVQ6l5pB-e4D2uucKT5eiZw88uMHeRS5MExSKupKhEBuHuHP-RQ_yR50lxKRPxFn5C5JkD5RMlZMeDU9lRPkjVQzti5wGf5ENNFo-EmTu8LCf6Iz7CHY7kHM-HPdTxlcX1Hg8VJFJsxAmPdnvwOAoOJkxM9DxGpPqQhH6wKxMFbw2JC09RLuTQkCGFT6qGJ8dvHFWmI3WSo1RVPMtwSxlcEbqWB1fmBt8OLW3QK2g0IfyN62h5NDt-MniG60c-6JQQhujCLCHxL8GTC19QPkiXC72HX4H25PAzhOSJ95huWC0-wr6Eazn2ZRP8HAn3I2x449ODP6ieKghzyNGO62gi6UOfGcqVCqHeJehJPPpKfNJyzB96uDpuDT2eShT-7EH4IVnkoRy-H5_RB3d0fBdCqze86bhgZkNJpsil479S1PHRPBeOLuGR7pAbRAsTwa1y9LKOn0HmbBHErUX-4DqeEw7FD18S5ULrgzqYTzk-nIlS5PKD9oaU7CxyHfyO6ixKUcSlF59RnWgWRTs-H__Q9EX_onE0FpXDI_2yQnqSH-F2NDtR5kXzpfg-_Ij2nsKP41rSoVmjYzpyRSgnGs0u7BnKo8lRiz6e1Pjg40ijLDn0G_ljXNHw6OjmYxQ_4YsRUj60XBfySSfe49SNKsc_7vjRPNHwZA_uGH2iHx-tBL8i8NEquBcc9DlxnsWPfMwFLXklBT3jIPMySiL65gmmMD5eR8FTVHmGJvRx-XiO60fjB3105E8cXCfO5Liywyuh00ETt-jMo5cRKRcXnCQ3XNKDJs4ttHHwo8nR9diVhRHiThf0RGEkIeThDm8o_BH6HJ80xD-0HOfRLMtSaGJ6pJqtFA8_FMcVIT-0VEwz5GlkBU_EwMFPPJPw8EiWH9EVX_jxo8qWI4uQPMIv_Amac0afHVymfMN7oenR_MhKKYd-UE2WKcVzqOcQLi-aOseTHKesIOGDfJkw-ij7wD1RaeLx4VOO3pjCp0EzKVSIjmGJy5IQ2wyR8MFF4Ype_KOCU4SrRLFx7DquHN94dPngcE-GHr18JLwQfsb_4FNINImOqpGQjFKQXnjgejn2499RJsrBI_4hyjIR_3hHNH3R6sLv4rbxMDma8uhb5HoHXfuRTqqI57iIiiqVoJkiBReP85hkHWHGRJEiKI8v5Mol8NHQ_Jge_PhSvMWZoZ2H20R15F_RhoPooN5x4T9C8mjCh8KDb8MtosyFpsqOfIfOD__hlXh4qMqoonmL8EmOMx7-BHuI4zn4I2Z8QeKDWDn4TWicHP0e_MhCKUSz3IfaZHg--IN-I8-u4HjhMwwOTrmQH8nj4DOqC0ye5MOUSXyIPvjxN2hihF1i6P6Q_8E1BY9y5KagSUe6LBu-Y_wVwU1Cw0tQMi_iQ9XzIFJ6tIxSnMO3KFvwW0GeoBf2Fd6I-hNeDf2g5ZnwVQid5ENT3_hxJsIoLkTXvPgDZ_lmJOP8IFdG4SqaZyoqZRl-xAmzSAu8FfpxOoM-8kifxQkABIwQQAAiEBBmEK0UE5Q4SAgRCBhBgBSKDICIsE4IBAgQBgHhiACAGcaIEoBCYggBgBhCBjVIISQIEoghwIhABhBkAARILUIAEg6AQgABRAAGDBCQAAGQgIoYZoUwABlJgARCQoEAsMRQBIjABCGgnHLMGKkAIMIR4Igi2FBjBQVECEMAQpoIRAQzhBGghACKMQWAQUAIIYxAiiTBhEACCeQAEFA4QYwQQBhCFBEKAeQRAIQJBBBCyAEDFBIAUIIEMJIILcRASilHhDDEEQQwAYQTYYAAREAIAAFMaCWckUAABJQBChkkDFFAWUAEcwQARyBQBDEhAQEQEIEMUQAgBASghigBABJSCCIUYEYoQTAVQgjCnAIIAEOAMcRQJiAjCAECqFFAEUAUAIJBIAyRhDAgEAJKaUARgghJoowBSDkkAAAAamIAEAAoYhTWRggCACSOEEMMkEAoyZABhAgAlIGGCACIRgQRYowCHgEojERAaAOMUAQoA4QhgEhFGEgEGEEqYRQB0AwBBgAiDECEESkIIoBAhYwiTBAinAJAGKIAIMQgIYwhAjGDhEFCKGKEAEhYjAgEABABmFMCGCMQMAQAAgAETRADiDLKAsAIAQABZ4gABihpADCEGYAIE0AwAYQgwAAhjEIAKAeREMABAgQCiQygAEEKCGMEEEIwgQQFAFgBkEBCAEMIMAIQYiAAQgDgiCdKAWKAA4oQIJgQElCkhCGCECKcFABgBqRAgiBCHGAAIiQAUY4qIKgAkEjgAFFIAUUEoAAoQQAzSgBECCKAKGYEswAhApgQgACFCBCOSGEMIQIwQ6kgihhCiDBCEaCIAAAYJIgQgiEoDCECAEGIcgJIgQjBQhBpGEFACYCgUAgwBQABwCjiAGyIMAAhIkQgAAQAAhhh2AIuAYmgA0QoRwgRRAgBETGaESGIFcAQAYxSAhgKHBFMEAKFAIYh5JAxQAE'], ['46109a09-307c-40dd-80d9-38e907958dea'], ["The Very Best of Aretha Franklin: The '60s"], ['Aretha Franklin'], ['Franklin| Aretha'], ['Aretha Franklin'], ['Franklin| Aretha'], ['B00000337Z'], ['081227159825'], ['124.200286865'], ['R2 71598'], ['1'], ['1994'], ['1'], ['1'], 1-14 Eleanor Rigby.flac, ['Soul'], ['Funk / Soul'], ['GBFO77022000'], ['Rhino'], ['eng'], ['CD'], ['2f9ecbed-27be-40e6-abca-6de49d50299e'], ['3d3b06d1-8698-4849-9db0-38266c88ac20'], ['2f9ecbed-27be-40e6-abca-6de49d50299e'], ['zPw7ZoQk4kLp2WPt_eoeWEmS3rk-'], ['0006bab8-2a26-4f8d-8289-56d66ae01c68'], ['5c77802f-b553-30f8-baa8-754743e52e46'], ['58400163-91ea-3dd5-94fc-0fa73bf54b04'], ['388613bc-d5f1-366e-896d-e50df985b796'], ['1994'], ['US'], ['official'], ['album'| 'compilation'], ['Latn'], ['Eleanor Rigby'], ['1'], ['14'], ['16'], ['Eleanor Rigby'| 'Elena Ratti (Eleanor Rigby)'| 'Eleonore Rigby'], ['John Lennon'| 'Paul McCartney'],
0006bab8-2a26-4f8d-8289-56d66ae01c68, "Eleanor Rigby", "Aretha Franklin", 44100, 0, flac, mix, 0, 153.066665649, 1, 8b21998926068d11be24fb5f816170f2, -2.89147186279, 44100, ['46109a09-307c-40dd-80d9-38e907958dea'], ['The Queen of Soul'], ['Aretha Franklin'], ['Aretha Franklin'], ['Franklin| Aretha'], ['Aretha Franklin'], ['Franklin| Aretha'], ['B00GZQJ676'], ['081227960698'], ['541305'| '541305'], ['2014-02-04'], ['2'], ['2'], ['4'], ['Aretha Franklin'], 24. Aretha Franklin - Eleanor Rigby.flac, ['Soul'], ['Atlantic'| 'Rhino'], ['eng'], ['CD'], ['2f9ecbed-27be-40e6-abca-6de49d50299e'], ['e4794a5e-08ea-4290-bb21-846dce6e72dc'], ['2f9ecbed-27be-40e6-abca-6de49d50299e'], ['0006bab8-2a26-4f8d-8289-56d66ae01c68'], ['388613bc-d5f1-366e-896d-e50df985b796'], ['2014-02-04'], ['US'], ['official'], ['compilation'], ['-6.570000 dB'], ['2.300000 dB'], ['0.536804'], ['Latn'], ['Eleanor Rigby'], ['4'], ['25'], ['24'], ['25'], ['John Lennon'| 'Paul McCartney'], ['2014'],
0008a33b-631f-4c66-a50e-ab33f27a2961, "After the Love Has Gone", "Earth Wind & Fire", 44100, 128000, mp3, mix, 0, 282.305297852, 0, e165aaebca3cc89e75c38d2af1e33ad6, -3.34397697449, 44100, ['5e609c62-5463-42ff-8c0b-7ef075e23d8f'], ['10 Jaar Top 2000'], ['Various Artists'], ['Various Artists'], ['Earth| Wind & Fire'], ['Earth| Wind & Fire'], ['0600753129623'], ['531 296-3/531 296-4/531 296-5/531 296-6/531 296-7/531 296-8/531 296-9/531 297-0/531 297-1/531 297-2'], ['2008'], ['2/10'], Earth| Wind & Fire - After Love Is Gone.MP3, ['Blues'], ['USM/USM/USM/USM/USM/USM/USM/USM/USM/USM'], ['CD'], ['NL'], ['official'], ['album/compilation'], ['89ad4ac3-39f7-470e-963a-56509c546377'], ['0c89b96b-d58d-46be-a245-c36356ec6b9c'], ['535afeda-2538-435d-9dd1-5e10be586774'], ['0008a33b-631f-4c66-a50e-ab33f27a2961'], ['0c9588c5-d052-49ea-a623-cfcbdc756ba6'], ['2008'], ['Latn'], ['After the Love Has Gone'], ['6/18'],
0009650a-4eb3-4cdd-b28e-0a5b6c93635b, "How Do I Live", "LeAnn Rimes", 44100, 128000, mp3, mix, 0, 247.666931152, 0, 5abbe566aa0b102a5f06ec3a3b858c57, -7.23668861389, 44100, ['01db77e5-1cbe-4de5-8cc4-5961971b3f5f'], ["Now That's What I Call Music! 39"], ['Various Artists'], ['Various Artists'], ['LeAnn Rimes'], ['Rimes| LeAnn'], ['TCNOW39'], ['1998'], ['1/2'], 14 - LeAnn Rimes - How Do I Live.mp3, ['Pop'], ['USCRB9700025'], ['NOW'], ['Cassette'], ['GB'], ['official'], ['album/compilation'], ['89ad4ac3-39f7-470e-963a-56509c546377'], ['9b5d13ee-8ce2-3b0a-b663-015bf65a3228'], ['9092d8e1-9b38-4372-a96d-000b8561a8bc'], ['0009650a-4eb3-4cdd-b28e-0a5b6c93635b'], ['b9e4e157-6ee3-356c-8033-411e8e684042'], ['1998'], ['Latn'], ['How Do I Live'], ['14/19'],
0009650a-4eb3-4cdd-b28e-0a5b6c93635b, "How Do I Live", "LeAnn Rimes", 44100, 246710, aac, mix, 0, 249.103668213, 0, 664fb39af2a9ae4bf40e5381b6a93a54, -9.62815093994, 44100, ['How Do I Live'], ['Rimes| LeAnn'], ['LeAnn Rimes'], ['Rimes| LeAnn'], ['B000008819'], ['5024239103023'], ['CUBC 30'], ['Diane Warren'], ['Warren| Diane'], ['1997-05-27'], ['1/1'], 01 - How Do I Live.m4a, ['Adult alternative pop'], ['USAR10000638'], ['Curb Records'], ['eng'], ['CD'], ['9092d8e1-9b38-4372-a96d-000b8561a8bc'], ['3a872f01-4039-45e2-8928-0ed266dbe54e'], ['9092d8e1-9b38-4372-a96d-000b8561a8bc'], ['0009650a-4eb3-4cdd-b28e-0a5b6c93635b'], ['d4f7d623-40c1-31f5-8b9a-b3194c0eda97'], ['Dido'], ['Latin'], ['How Do I Live'], ['1/4'],
0009650a-4eb3-4cdd-b28e-0a5b6c93635b, "How Do I Live", "LeAnn Rimes", 44100, 223075, mp3, mix, 0, 247.562454224, 0, 568e926ed7a73d9e4063aa4f67feba8b, -11.8025665283, 44100, ["Now That's What I Call Music Years"], ['Various Artists'], ['Various Artists'], ['LeAnn Rimes'], ['Rimes| LeAnn'], ['B00035WGKE'], ['724386334220'], ['VTDCD 672'], ['Diane Warren'], ['2004'], ['3/3'], 3-19 LeAnn Rimes - How Do I Live.mp3, ['USCRB9700025'], ['Virgin TV'], ['eng'], ['Diane Warren'], ['CD'], ['GB'], ['official'], ['album/compilation'], ['89ad4ac3-39f7-470e-963a-56509c546377'], ['6c414458-3e63-4890-a59d-886ead3ca80f'], ['9092d8e1-9b38-4372-a96d-000b8561a8bc'], ['0009650a-4eb3-4cdd-b28e-0a5b6c93635b'], ['6080f7bc-77d4-3a8d-a100-0286b89b9896'], ['a13d7138-d154-4b11-ab43-a66a0133f788'], ['2004'], ['Latn'], ['How Do I Live'], ['19/21'],
0009650a-4eb3-4cdd-b28e-0a5b6c93635b, "How Do I Live", "LeAnn Rimes", 44100, 0, flac, mix, 0, 246.009475708, 1, 0ad67229d6c01069c043ed05ba26bd4a, -11.8536243439, 44100, ["Now That's What I Call Music! 39 (disc 1)"], ['LeAnn Rimes'], ['23rd of February| 1998'], ['Thu Nov 18 00:33:18 GMT 2010'], leann_rimes_how_do_i_live.flac, ['Pop'], ['42f3be94-d31b-4af2-8f06-6c1ab711da68'], ['9092d8e1-9b38-4372-a96d-000b8561a8bc'], ['0009650a-4eb3-4cdd-b28e-0a5b6c93635b'], ['-6.28 dB'], ['0.98474121'], ['89.0 dB'], ['-6.28 dB'], ['0.98474121'], ['How Do I Live'], ['14'],
0009e0cd-e1cc-4aad-8189-455fce093900, "Slither", "Velvet Revolver", 44100, 244565, mp3, mix, 0, 248.321060181, 0, ad389ed2cc72d89810246a93c2bac72a, -9.70928573608, 44100, ['Contraband'], ['Velvet Revolver'], ['Velvet Revolver'], ['Velvet Revolver'], ['Velvet Revolver'], ['B00024IQEG'], ['828766283525'], ['82876628352'], ['2004'], ['1/1'], 11. Velvet Revolver - Slither.mp3, ['Hard Rock'], ['RCA Records'], ['GB'], ['official'], ['album'], ['3a528006-1429-47f4-ae9b-2ea95343e16a'], ['6059d944-5b6c-417b-8894-19bd1c395e8e'], ['3a528006-1429-47f4-ae9b-2ea95343e16a'], ['0009e0cd-e1cc-4aad-8189-455fce093900'], ['840b6010-8e00-7786-dbec-79a32b404eee'], ['Slither'], ['11/14'],
000cc7d7-9da3-425a-8335-bfef4dc2c991, "Magic Bus", "The Who", 44100, 128000, mp3, mix, 0, 196.127349854, 0, cdb8ea2d655324fec1effdd8792aec6f, -8.80169868469, 44100, ['d933f9b4-060b-4b25-b57d-03f93e70339a'], ['ICON'], ['The Who'], ['Who| The'], ['The Who'], ['Who| The'], ['B004NDVJYG'], ['602527646053'], ['2011'], ['1/1'], Magic_Bus.mp3, ['rock'], ['Geffen Records'], ['eng'], ['CD'], ['US'], ['official'], ['compilation'], ['9fdaa16b-a6c4-4831-b87c-bc9ca8ce7eaa'], ['3a51cf24-d11f-45c4-9acf-0236aaccce75'], ['9fdaa16b-a6c4-4831-b87c-bc9ca8ce7eaa'], ['000cc7d7-9da3-425a-8335-bfef4dc2c991'], ['2011'], ['Latn'], ['Magic Bus'], ['5/12'],
00104d3b-e7b3-42da-9723-1704e79d0e82, "Lonesome Town", "Ricky Nelson", 44100, 0, flac, mix, 0, 135.133331299, 1, f739ad0825aa4423c14392db40c4537e, -8.54736328125, 44100, ['AQADtFQiqlKU4FIwXiD2hMG1-WiGPsL34c_wo94XIlk-CXn24x9-BtaO_8YTHH02NF9wHQ-eHE9znD3OawjX4zjMI09vnMF_1DquPfiSDqeqEKUT4SuO5EFavMnwvPiB7yiVSMWPY0zzYyS-5ii1HcaPn-j74Bt2-De4mkHkD0mj46gceORxvGpxEX-OL4cHMzfeHxcdXA-2KAeVhMeDyTqe4D6eE0-OO6HxEeWTw1WIIy5VIWki6Wir48T34UZzSSe-oXkeJLmQ6zlmJsGrFCcfXPmM2_gDrz9-6DsuJUSTa8nQ3UrwIz2RHBfz4LnQjHQI7TzxhXiOX_ie4DyOveA1jAmDDz5OGXliQ82PMKeFagt7XBT28PgPRqmO5lnwY1aOP_hyRBsfJFcAPkpCTNYHb0rhJXgmnLEQ-5B9xNKPbdGJ2hz41JiOJ8OPb0EvDg9yvUjaBk4m4jjeEx-uY9bxY3pz_MJ1FT8S5MKJc2guXLmOX_guPD9qHWV4nOhP-HB_vNrROFGOWRTYPMf-I8-Q7MNzNJF4PKJwvsipQXuONDlRyQseHZ8u5OQgPsWp4OmR3_gbIrQyYVd21FNwncjBJA-qpMuIWQ_6RIGZY8qDfDkSXfrwXCFynoP3ET-xJ4HKNHUQZsyDcBpU5NOFCz9qHdsNP8qDPsETDUmXJEf-o88Ugn8QJjzUUMhFlsKP6S_RLPlx8XiaPXCdHL-QfLmRcxlcMfhX_DgfVCfuCW8Oh2g45jjyE_pQysiPw4-C8MaPhx90AccN_Wh-nMmFixJEaUX-4jq-4SLMhRTKjkJ-I3mOJ7xwZg6-HE_h6ZHwT_h1_EF-IcyjC114CS8OPwtOB9cROkXCHL10PDr-wDue5LguoszzDD58Cv2OkUKdBUwuHvdSXFwaHNl8JMdRJ0mO8_Cz2OhK43zwnAMPlN-RRFlCIQ-L5JGRM4arHM-DS7sseMHaHz_-BYn0I-eDRzk-NHuiof_xH5d0wsly4h2O5hmNCaeEh8GTcErw3KhOeBIp3MsRiJ-Qw0H_TvhxZXh3vKZw2sF34TyO_0hG_XgYDZESLgFfnJj5pfiZIMx0aA7i78Fzc9gXsL7xPLhePIuOrcaZSviuI1n2CKEoCueSjMGN63jIuCijpBr-49ngNMlRy8izIXl-_MExKc3BJExo_MWeI0fy6riSTHiS5Wiy-OiHH6dSDl8f5DqSPfhRhXqCU8zxI7kYRI4SfEPfg_kwXpLQJNuJcvmRPMh_2MeFrlmK5lzwHFeOK0d-JB-e4xqa6ELnHhcu5BJmH_ox98iV4z16ZoS_BuH14Yd-XNKR48ffodGZI7eKyt-kQNcRHs-Rw32E5sKuJHgn4XsCljmaJoeGpkf4H4yVi9giHh0TxvjyA4FqRUbu4PiD5oyDTiMu6djRwz-270X6JEdClJKL5x4unM4IP1Tw4cSJJ0J3wVFzPA_8wxb-Gn5x6kiTLGGcIZl9_MCOJy-epMGlbMjOtENyZvhRg0m05PjwE2XLIFK-FcmdWWiWHL3i4Mc_lDnKH3-KN96QNFPiI8yTox0TJ3jw4UfzoY-IfKkY6HiK5_jxPDg0XYSvB_9gPMePw-fx5NCtQT_xPwW0F5EbBQ8V4VICXk9wBUdOSOmQburxp-h3fNGP5zj2R4WuFXuE86iOZqyPK8fRnCl-Ybu4FMmTIMSZ48mNRzMuCc1RK9yQ48cdHdUrpA--oEwkHSGL5PhvVKGGJzp-HAnS4z7mRMkDb0wO3h_uY18W4XzRPLjSBqlzKbhyeFJWQa5WIj3Gg7GoHXsW7fgV9GiSJkmOH8eLxkVJZhquR6h2oVHI4ENyFjlOnNzQzca_wbtWJM-FeCF-PIMnvbhb_HiWww1zJLty5MU3LUfvwgoxayOaLEmOv-CRXbmF5MlyzGuKD1eO5grKDz_xF_GhV4Ou5RHCwrKE4_ThHD5-IuGRrjz648GP4zh-HD-iQ4qxZj3ihZiegMG2wtdxDc9fOBVR68eP4w-eBOeOfhemfDyyMlGGJE4ePKHxozkf9At-PIsM9R4aTMyIdxHRM2iag2fW4ztCPQoSJepx6ZiTXGh-9LGKvUH_gMktddh5_EiK_Mf54F1QOzv84Tht_NfR08JffNlx_MgzqkUTHd-D3Mev4MdzXEOfBLsYPATLPMR-hHGISKZyPNZx87iCnRr-oW0SNJN8nMlJxEnnBMmeoyF-_MKz5BNOq8UZ48cUjsjyDEl8vMQz4qKO65iiJx3K9ch1JD_I_PixV8eTJMnRVPzQH3-EBzF1Qg1b_Mf1Q-vx-UckUziX4Mxx6aA_BSWPLc9Rxatx-cj3IVl_NPvxC5X6okmSvMF_PMGz40byCfnRHJ4VnERDLomKkxKOPIdCMR-iykd14Ss8OSP6I4dOHciPS8ePf6jyiEgv4rmhiXtQHvl1fBF-PBwqSsEl4gp-7A_KR2iqcniEp8KvDH0OJn8wnQr-3AirHsmPz8nx_HCO6wnO8DI-CU3Qf3jGESdUHmvBcUdzHj144wlGZjsukUWQVD-Oc7lwHk-07GjOjuiPPIdq6niEOviPC8KP0D5-4wDuBSHYEQqgIUoQQBQQAAAkwhDIWcaIJAQYAosDhBHBpFAEGEcYQEAagQwrgCBHIVJAkASEIhqAoQAhSApCiEKKWSYVYhQACpgQjAEigQYCAWONAIYARJgjhDAgFCGAYQGCMooQQjBSDiDhCgAYEUIAIEIAwwRAShlokGEEMUaJMYiJBw1VRDiWIZBMMAMBIlQRZNRzhAGAGEEEKCsJA94YIRwAxghwETOACGuBMJAAhQCQwhhDEFPEOSENA0AgQgSBChFBxEIKC2AAE44ooqxBAghBgAEAKEKMUAApBhAUBJmGhFMWGEcIAAxDpAQSQBgkBFCKGSKIA4wYQpQARhkBhAGBEYOEYQAKghxSACBAIFBCMEYhBAoAhxgRyiiFlAIAGOoAANIYRZAgAhggAGPUJKQYIVQg7AlAigEngGNEsQMMEIBQY4gAAgAjCIMGKWKIQII0IQSQUkgABJHcIuCYEIohpRxTgADjLKIIACgBYkQaJIgwhACEPEHKKE6MMY4IgIhgxBCIgBBEGKQIMV4RoAhAwCCxsAnEEIMQAAIowgADADkEgNECAQIEIYYC5DxnghinAAIAUKGRgoYQQpmUAlgHAEDGIkIAIsAQwTRiihLCGGCAKDQMgMYAhpRAQhviAAKeMGDAEoYIAoAhwLjAkEFQAkQAZIYwYoigFHhgBUGAAQkQIJJIuZgyAAAiADEICcAQAUYApxwD5CTBHJGYAQgQcUYYQI0hAgEMFBNEYQIAcQhRZQgRCAFCEqDkMOWUIEkjUIERkDCBgUQAEEMoI8khhgwBSCFrgNBIAUckA8ApgIAmQDIqDICCCUYAEsAIwwAQQiCjFERKOCSRYAxYwJgQhAgFgAECKiIUMEowiREAgDmiJGVACCcgI8wIBzAQCBkpjGIEKYEEkAQAICxQQhmEkDACIaQAAcgBpgw5BiBGEDIAQSKYGMIZwhQAllAFpARIAGMBIY4AJhEABBoiHBHAAOcAMMIwAYBwgBAhkTDNO2IUJQYZQ4AEigBgmCDWEWgc'], ['3d54e04d-c835-4111-9c22-8f3f283fb284'], ['Pulp Fiction'], ['Various Artists'], ['Various Artists'], ['Ricky Nelson'], ['Nelson| Ricky'], ['B000002OTL'], ['008811110321'], ['77'], ['MCD 11103'], ['1'], ['1994-09-27'], ['1'], ['1'], 06. Ricky Nelson - Lonesome Town.flac, ['Oldies| Rockabilly| Country'], ['MCA Records'], ['eng'], ['CD'], ['89ad4ac3-39f7-470e-963a-56509c546377'], ['10913f37-3770-41fc-bad7-739cf48ca8cb'], ['0b511854-c21c-4af1-9c31-e3fc178ded61'], ['00104d3b-e7b3-42da-9723-1704e79d0e82'], ['1703cd63-9401-33c0-87c6-50c4ba2e0ba8'], ['1994-09-27'], ['US'], ['official'], ['soundtrack'], ['Latn'], ['Lonesome Town'], ['1'], ['16'], ['6'], ['16'],
00104d3b-e7b3-42da-9723-1704e79d0e82, "Lonesome Town", "Ricky Nelson", 44100, 320000, mp3, mix, 0, 133.22555542, 0, a733a24eb20567894f3af306c64f4cd6, -9.93387413025, 44100, ['Pulp Fiction'], ['Various Artists'], ['Various Artists'], ['Ricky Nelson'], ['Ricky Nelson'], ['Nelson| Ricky'], ['B00006F1LX'], ['008811300227'], ['088 113 002-2'], ['Baker Knight'], ['2002-10-20'], ['1/2'], 06 - Ricky Nelson - Lonesome Town.mp3, ['MCA Records'], ['eng'], ['Baker Knight'], ['CD'], ['US'], ['official'], ['album'| 'soundtrack'], ['5fb60f3b-6f85-3047-b82e-11ad022692a9'], ['89ad4ac3-39f7-470e-963a-56509c546377'], ['326cde79-c175-4359-929d-3665847b4fad'], ['0b511854-c21c-4af1-9c31-e3fc178ded61'], ['00104d3b-e7b3-42da-9723-1704e79d0e82'], ['1703cd63-9401-33c0-87c6-50c4ba2e0ba8'], ['59449a00-8da1-3f72-ab83-98857ae47b0e'], ['1994'], ['Latn'], ['Lonesome Town'], ['6/20'], ['Lonesome Town'],
00104d3b-e7b3-42da-9723-1704e79d0e82, "Lonesome Town", "Ricky Nelson", 44100, 112000, vorbis, mix, 0, 135.176422119, 0, 191149a4cfeae9a5d1fd40167ddbca2f, -14.2776966095, 44100, ['Pulp Fiction'], ['Various Artists'], ['Various Artists'], ['Ricky Nelson'], ['Nelson| Ricky'], ['B00006H1ER'], ['008811304324'], ['113 043-2'], ['1'], ['MCA Records'], ['2002'], ['1'], ['1'], 06 - Ricky Nelson - Lonesome Town.ogg, ['Soundtrack'], ['MCA Records'], ['eng'], ['CD'], ['89ad4ac3-39f7-470e-963a-56509c546377'], ['2ac693c9-8f57-4c23-b04f-17d03716170e'], ['0b511854-c21c-4af1-9c31-e3fc178ded61'], ['00104d3b-e7b3-42da-9723-1704e79d0e82'], ['1994-09-27'], ['XE'], ['official'], ['soundtrack'], ['Latn'], ['Lonesome Town'], ['1'], ['21'], ['6'], ['21'],
00104d3b-e7b3-42da-9723-1704e79d0e82, "Lonesome Town", "Ricky Nelson", 44100, 212926, mp3, mix, 0, 134.296569824, 0, 6f5879c4cf39b1b5edb3e1f0e185e533, -5.58477401733, 44100, ['3d54e04d-c835-4111-9c22-8f3f283fb284'], ["The 50's Decade| Volume 9"], ['Various Artists'], ['Various Artists'], ['Ricky Nelson'], ['Nelson| Ricky'], ['2000'], ['1/1'], ['Ricky Nelson'], 01 Lonesome Town.mp3, ['1'], ['0.5'], ['50s'], ['album/compilation'], ['89ad4ac3-39f7-470e-963a-56509c546377'], ['e7e858d8-ae15-448e-9f27-b84531c4b851'], ['0b511854-c21c-4af1-9c31-e3fc178ded61'], ['00104d3b-e7b3-42da-9723-1704e79d0e82'], ['7f684016-e6a1-4645-ac9c-0a2151e52f3f'], ['Latn'], ['Lonesome Town'], ['12/16'],
00104d3b-e7b3-42da-9723-1704e79d0e82, "Lonesome Town", "Ricky Nelson", 44100, 192000, mp3, mix, 0, 135.157546997, 0, e6aa717eb8cba9f046ba12e012bf356c, -14.2453536987, 44100, ['3d54e04d-c835-4111-9c22-8f3f283fb284'], ['Pulp Fiction'], ['Various Artists'], ['Various Artists'], ['Ricky Nelson'], ['Nelson| Ricky'], ['B00006H1ER'], ['008811304324'], ['113 043-2'], ['Baker Knight'], ['2002'], ['1/1'], 06 Ricky Nelson - Pulp Fiction - Lonesome Town.mp3, ['MCA Records'], ['eng'], ['Baker Knight'], ['CD'], ['XE'], ['official'], ['album'| 'soundtrack'], ['89ad4ac3-39f7-470e-963a-56509c546377'], ['2ac693c9-8f57-4c23-b04f-17d03716170e'], ['0b511854-c21c-4af1-9c31-e3fc178ded61'], ['00104d3b-e7b3-42da-9723-1704e79d0e82'], ['1703cd63-9401-33c0-87c6-50c4ba2e0ba8'], ['59449a00-8da1-3f72-ab83-98857ae47b0e'], ['1994-09-27'], ['1994'], ['Latn'], ['Lonesome Town'], ['6/21'], ['Lonesome Town'],
00104d3b-e7b3-42da-9723-1704e79d0e82, "Lonesome Town", "Ricky Nelson", 44100, 160000, mp3, mix, 0, 135.209793091, 0, c25381b8a5142f656d4deca2ff642772, -8.48527336121, 44100, ['3d54e04d-c835-4111-9c22-8f3f283fb284'], ['Pulp Fiction'], ['Various Artists'], ['Various Artists'], ['Ricky Nelson'], ['Nelson| Ricky'], ['6001210169635'], ['192'], ['STARCD 6493'], ['Baker Knight'], ['1999'], ['1/1'], ['iTunes v7.4.3.1'], 06 Ricky Nelson - Lonesome Town.mp3, ['Soundtrack'], ['Universal Music South Africa'], ['CD'], ['ZA'], ['official'], ['album/soundtrack'], ['89ad4ac3-39f7-470e-963a-56509c546377'], ['7447327b-4c38-4ad4-a646-868460747b87'], ['0b511854-c21c-4af1-9c31-e3fc178ded61'], ['00104d3b-e7b3-42da-9723-1704e79d0e82'], ['1703cd63-9401-33c0-87c6-50c4ba2e0ba8'], ['1994'], ['Latn'], ['Lonesome Town'], ['6/16'],
001202c7-aad9-4d19-95ec-2b6aa596d16b, "Thriller", "Michael Jackson", 44100, 256130, mp3, mix, 0, 314.619842529, 0, dfcc9f9884334d7fe5bad6c48f01bffc, -11.8609409332, 44100, ['King of Pop: UK Edition'], ['Michael Jackson'], ['Jackson| Michael'], ['Michael Jackson'], ['Jackson| Michael'], ['B001D52RCK'], ['886973565124'], ['88697356512'], ['2008-08-25'], 04 - Thriller.mp3, ['Pop'], ['Epic'], ['GB'], ['official'], ['compilation'], ['f27ec8db-af05-4f36-916e-3d57f91ecf5e'], ['47fea4c6-808c-4ae0-8426-aff7357463b2'], ['f27ec8db-af05-4f36-916e-3d57f91ecf5e'], ['001202c7-aad9-4d19-95ec-2b6aa596d16b'], ['0e218d5b-3d06-50c4-26e3-86659a2bca04'], ['2008-08-25'], ['Thriller'], ['4/17'],
00121653-d5dc-42a2-a9fd-08b9271b6b47, "Twilight Time", "Andy Williams", 44100, 192033, mp3, mix, 0, 153.469390869, 0, ad87160c2cc5e1f2aaab831e2dc91006, -5.66985321045, 44100, ['AQADtFIUJc8oVKSOfkFz6yj9oemDJyxODhOL5kc-HolizWh8POmDSj6aZFuIh0at_GCQ5EGeE5cuPEnk4L1wCR8ROskgVscfQc-YIY2zw8kRPofuBzl1XAzaJNLh-_CDKvoRq0iu483gF__xzAn-0KjyC00WHV925E8YJJdb-BmuV8SVpBhToPmOPiP-ELeIfslU-BR6BpWT442OyzTCLtORPDzOnvhlPMEu9OHRHD8elBrCsE-gkUoIP4tx0cKzjEGPPoGWcEsRO-tRZvBRHudxHc0YVEeHZmSa4NTx40rgZ0geLg9-4Ty6KUvR-Mhx5fg9vCeeK7iOJ8eroD2NRj2u4ydeNDyFPspxjT7yw1eD80GOw92F88EfHXH0HAkfefgW4l6DGw_hc0T-sNBP5MjzQ88RWl0UeL3QPsvwL8L1C32QLEcqXBeePRLxw46IK8RxhDq06EKsRPiSZSLu4kfzREj2I5Kbw0tveH1h1xL6pEiulEKoB4YlokfFJymaH-9j_HiU48qHnunRLCdejNSRMFlu5DiHZmQYoVmCMzmeF32RLA9yZR_eB0fPHw0lCk95_MdvlMwcND1xRQoupYfv4llw78gvQW9FhM-F_gte9FFFNJUUH5eMC5dxhD_EKYd-bKEyI8yeC2SSA0fzo8yD-UyOXLHQHedJlMeVBf8RJk9ChE6u4DuRnEfDc8fEG5c14UriFQ0fqqjEHG9l5FB5ZFXSDl_i4X8ESs1xM8hN6NGRHf9xZWLAaTomZUfDh0vwIMf8Qhfo40k-4pieoDlzlEfTQ2WG_GGE5l5RPcc5PLiOGw2qHm-S4kqkFUcvuMoDn4ba9HDS4DvK1cF_ND8OnyjzGhd-hM_QVEQfaLlwJUe-FNcX5Cl2C2mTHD-D4w8eHYxlpM-hnw1-5Ax4UcfT8Kh85Id-HHmOJg6PKp-we8T_ITf8zNCn5GhuaNQrvOGDPKj1oHlY3PgUHP1hh3iQ8AgatQ2-5MEd4-_ghSuSX8gT4ssDd8N1IN8O3cOJvA-eXFGQr8ehC80zaH_wRB9yvMFhOVFx5sLFC2Woo_mHf8U17Bf-4BYiKV4WqCZC4sH54FlSTCnRM3iicEb-CVeWHPmuIHu0jtCP8h3CKHkirB7xM9gv4QYRL28IXQjzoyeuNqjQHMe1XMP-BM1FhNah5zgVVD8i5ccXw1se4fGFpspRK0N1nFOOZMyuFPnxH_sFVz2e48KTw3WK_zjSHEmz4wmey2hGrkGZp8ITwU3wIzmPdMfzBE-OB56iKMR5PMHNw0mYMriMfMkkaPkR8ioux0Ee5cTR_PgTCc115NWFRxGlBKeYo-vhG32WAw-OXCwmfYiU48mL8ziaZXnQG_uPpikY8sh_GebCBt_xTJhlwhd0KU-OPMmPo3nEo98xP3iiHh9v-MefJngUu0j0hA-eJMV-hK3CCU2ylMV5UbiCnkXzLMcf5NGR1MzhczLuUcLZJiH-ofaFxt_xHMm4ZBdyMUeP41pipEsy0TiPV8HlDD72B39K_A4ca9DzI28uNHzAkGCewjkZTMrxhSTKHMkv5CR8xZiOLznmHL1SEU0ePdg9otsvNE2J80HzYZqPo-dhzTmShQ_yWfiC3IR75Bf-wAuPqxNOZcRxwY-FKzqebAtR_fjh8MWVoeF6PIROuNEofDn-4Bnh3_h6fFMSBT2akRF-_D7yGM8FW8vxMIGO_AzeZWh61HnxJ8gT4guh4-Fx5hEaaMiPJ-Fw9rhylMdDbmj6BT9VrDy2Hg-S5Uf4CE8kh_jxE0-OJz_8RA6enOgpI0yTvNCjC-8zpDd-PDpyiMMz5ZD_Y08ILR-ahct0fAl0H16OdYf2smh6_OhzBT805kcpsXAjDuGPh_iJ5mzRhPLwMLmEv0GJBuexJ8rRJNNRHS_yQPOHO8VT_ET6FdeR4w_aAOciHGmOp3iWKvgbRD4hpGSEP8V__Gg-Hz1z_EEu4koyh9AsRtLho0_UQFeEHcQkaVbQSE8SnIIubcdzI7xCuDu6n_iVoJZuOB8OZ_1xqSOeJDs-7Ag_QTryJ3ieBDueCF8Ia1t0XBeSR1eMXEoSJ2g4lEcPu0f6I9nxHj_WawF_Dpd_XPlxS3DI43mRfMiD_Ie4II_mY1L24V9x4Tl8eA8ivRG0J0WYTNwU4jeDZ8F5ZDn0H5GaJLjWowgT8Yb6PTiDG-FTNGOClOPxXLiE5Dha7niUHh98_CVC5kdS9fiJExea56iEPHyExMuNUxma8Wh_3OLxHD887cilh0guDx6PPcbfCE3FREpQMUlw55guE428IKTyIQ3FGEd_ROYp6LlwCtGl4Uoi_Dgek_iN9MGLJzzOscc9TOstaMmDnOCP69hPTBecD4-W6UhYH-GPP8EZ44HDBVyO_fhuIbxxJcNX_BHKk8GRSzmatDFqJaJwx_jRiT96HheeHMmO4K_QaNGoCO_xD17xEzkf6KeQfgnu4zzK48qSo0dO4s4WPA_eoDt0hDmz4Fxx4QH6o1Gu45mFpBnSHd9x-TjDI60i6AqiR_oxscvxXGgifMeFOoWP8BL0pci744kb41KOrvnwXApKrEbzzEKi-MgVEX80PD-ehwFbHc1TTEceQRdTpD9-PA8uJReuKBn6Ij1ORZCXXMMRSl9wnvgpvDkcD_ePPw6uVEFOAGAEEIAhQwQzjBCggOBKEUOkYNYQBwgVEAjiEEACA0GcQswQRgSAzhABECAACKWYQgQJKRAgSBCCDBhCIeABAIgBCgxjShEnFFNMAEAcA1QL5AADCBHmgAFEEQdEIAAA6QgxxBIkAAFAAEOoEkpAoRQBhBhgACCEkECIQQo5sCVB3AAhkAGKWGkEYYBIYhAQABCMQAUMMAGEQAALAYAAxFAhCBOAIUCAEUQQIwBzjFWBkBAIMiAUEUgqQARRxhkEABTAISIMA9YAIggwhFFiBCIOMCEYQwBhAIQAABhhQDIKCkCyAcYYZISQLAAinDKAOEKIFIgJzwWCQgLgEAECACawBCIJYAkCRAABFABCGUAMK4QIJQQRCngHlDQKUEAMAcgxJIgBhoBAiDACMMMQYYYRJJRkAgABDKCAKAQJw4ATapGRAhhCMCIUOeCQIoBRAYxQABIEBHFEGQOUUxgRBACAyhmjkDHMSUAgAQIQIwxCRAAiAAIIIaEENwgpBSwhSgDnABCMIAoEEAYABSBwhiAAGDAAIGcEEF4BgJQBCAgCkAKEIGGIJMUBCwmRwAiCCBAEGGCIdEARSwQQADgAjIAECocYcoYr44gCyDtBDEFCKECABIg4QQkiAigniBDSGGEYAYQJaJwDhAijJEKGKUeQAoh55AxCiigCkBFAAiOEEEYggJgrChggtNCICCwsAEAghQyxzAIEAAKIECEgUwoABKAD0ALHDWLEGGCUAkQLIAiRlgAukGMcAQMQEEAZg9ggBAlyiDEOGU2IQsAIQYgDUjLhgBEIAAIQEBQJDoYRBgAAECLgCSEAYw4TBQRSQDCqjACMEyiAQMIAhZRzjDBBEGDCEQIRs4QQ4gwRxChBCQKIMKGQJMwQTJACQAhoBCLCGIMAEYpAoSgTiBCFGATCCEKYEUIJhAwhBBFGGCEEGIGUMFwwKxBiBAlAFTkIAOQMgoIBDIRgABhDrFDKEGAFQQghxQQgBgBtDEFAAAKBQYoCQpoxRCgiiAAGCg'], ['f769d2e9-1c80-4928-8ab6-9574e855e87f'], ["Greatest Hits of the 50's (Disc 6)"], ['Andy Williams'], ['92.94'], ['1962'], Andy Williams - Twilight Time.mp3, ['Easy Listening'], ['Netherlands'], ['Compilation'], ['d813c03b-e45c-4c67-b432-bc40043e55b0'], ['00121653-d5dc-42a2-a9fd-08b9271b6b47'], ['ab6aaae5-a326-984f-36b4-af238c4834f1'], ['Twilight Time'], ['12'],
0018ab1b-e0cf-4209-9c49-e3a5bd020cb9, "Lonely Ol' Night", "John Cougar Mellencamp", 44100, 161633, mp3, mix, 0, 222.693878174, 0, 312d88c0ca2379be7d79805746ffa791, -5.25263786316, 44100, ['coustid Fingerprint'], ['coustid Id'], ['Scarecrow'], ['John Cougar Mellencamp'], ['John Mellencamp'], ['John Cougar Mellencamp'], ['John Mellencamp'], ['042282486523'], ['824 865-2 M-1'], ['1985'], ['01/01'], ['Lame3.98'], John Mellencamp - Scarecrow - 05 - Lonely Ol' Night.mp3, ['Album rock'], ['USJM18500004'], ['Mercury Records'], ['eng'], ['CD'], ['US'], ['Official'], ['Album'], ['0aad6b52-fd93-4ea4-9c5d-1f66e1bc9f0a'], ['e7610f7c-732c-44cb-9b45-063d047abbaf'], ['0aad6b52-fd93-4ea4-9c5d-1f66e1bc9f0a'], ['0018ab1b-e0cf-4209-9c49-e3a5bd020cb9'], ['53bc159b-dd34-3486-a37d-e4f7a2b94991'], ['Scarecrow'], ['1985'], ['1985'], ['Latn'| 'Latin'], ["Lonely Ol' Night"], ['05/12'],
0018ab1b-e0cf-4209-9c49-e3a5bd020cb9, "Lonely Ol' Night", "John Cougar Mellencamp", 44100, 161633, mp3, mix, 0, 222.693878174, 0, 312d88c0ca2379be7d79805746ffa791, -5.25263786316, 44100, ['coustid Fingerprint'], ['coustid Id'], ['Scarecrow'], ['John Cougar Mellencamp'], ['John Mellencamp'], ['John Cougar Mellencamp'], ['John Mellencamp'], ['042282486523'], ['824 865-2 M-1'], ['1985'], ['01/01'], ['Lame3.98'], John Mellencamp - Scarecrow - 05 - Lonely Ol' Night.mp3, ['Album rock'], ['USJM18500004'], ['Mercury Records'], ['eng'], ['CD'], ['US'], ['Official'], ['Album'], ['0aad6b52-fd93-4ea4-9c5d-1f66e1bc9f0a'], ['e7610f7c-732c-44cb-9b45-063d047abbaf'], ['0aad6b52-fd93-4ea4-9c5d-1f66e1bc9f0a'], ['0018ab1b-e0cf-4209-9c49-e3a5bd020cb9'], ['53bc159b-dd34-3486-a37d-e4f7a2b94991'], ['Scarecrow'], ['1985'], ['1985'], ['Latn'| 'Latin'], ["Lonely Ol' Night"], ['05/12'],
0018ab1b-e0cf-4209-9c49-e3a5bd020cb9, "Lonely Ol' Night", "John Mellencamp", 44100, 192022, mp3, mix, 0, 224.940414429, 0, 582efa33d3d129d81952ea17b734df37, -4.76436805725, 44100, ['AQADtJGyKIuVRMIP6RO-6Dhe9EG2x7iG8AmNHzoN2Al-PCq0C3wRPiquhgi1o_vhVBAfPAqcobtynBnuH_p6oX2KZj6OHz0TnBeOSxe8B-fw2sEhdiyK02imQ1OJoz_uD-ZR_8YbOsEPTWie6PgYPMd93Az0JTP-GM2JSj3yB33wXsiLC752aB1-1GOFBv-hbeNBmSlgxvhz6EeWHz9eoT2aS0GejBTUI59QjatwwtXRJzlYHdWDM_gu5A_0I_3RPriDJl-QQ5x85EqOw0vB-3jEIie0I9atFF-M86iTo9EoIg8UXjle5YjO4klCBveFPvCH-vh35Md_MD8c5OTwG-43MD9utCGaRsfFI7-DrlIOkQjFHf9w47zAJNXRM0T0NBBOI9_xHU34ow-O35i2oaGKaz7yIxmbD_7xB2d2jNwy4UI-6FGR58ZvnMgvaH0U_MeVHPGx6cKXIJuT4zkUS5nx1ULzCqXxEWd4_HgeiM-Km8bwJgVzHHoDkzrg_sh5-KjFHBeDejlOUPxQX7iDWrzQRMeP7-jDHDkT4biOSxoOj3gW6ETqhHB29Ane46iORxmy87gEsTvCD2dYNNxxNSssRzIq83jR7ESPL0JPHNdx4o_hE-GzQKcRwnxEvMSXPPBREv9xIjy0nMhv3MlxiSmY_Eb744-HfDWq5tCDRoqkD98K-Qp-5EzxoWpqwaHooQe9Ex-NH8meJch13LCoC-14TGOYwtOO6sgPRfli1MUXhGGEfkb845Bv3Beeo5l89AyhUEyEPcEn3PgWXHlQSUemH1WOi8qIHBeT4iS05OheCZ-Q5YatI92PSzoqedB_9DiPtDbKHUd4TDlzXCsuNK-gacK3zMEfCqqP5tkn6DIaB_pc_Mf_Y0ocCu2P7Dy-C7WC_6hcPD9y7tCP67hR3jDa5SpKSLpR_IdcYcrGo7qDZ9D1FY1DVD_xDZaO-BdyEc8CRytyHfsqnMMRZod08Tm-F3aOJxrhLy_0H5eClMcPlh_6ZHiRaw6mRCc6XbhUo89xm3jm4YcmbheOBzmaD313IfeD6RkLh8OXFEx-nLh4Dq1wakfJDD38oY4-XM9xGs7zgT8-4Tx66KkQyplxKVIoVPrh7kJ9PMeeIpR4JBZ1vCucH7_gaEebIzqhLT-cDyGV48erFOWPSPkhXLrwqBfqV0YT83iYCJ-TQzGDU8bDGD_KD83CG8dHGf-Ih8ePbzt6wpNDCYd_PIfYH616vFFQGWGehcMFhE8OMbKOVJ2Gagt6-ML14byQQlOVNehKpC-qJjvyMSSua9ASE-l3oseuGWV0eBJz9DuGkNpxvNAiNgd_nDs0wj_yiIc3cSpCoz9uXRCPLBqPR9Lx9qgfNDiXHNFzaNaFSHlw9WjiRBxKHd1jOFRe9MhX4w76HFKyCjz-Cp8NKY3R7Igv_BaaKQfT6TFKwg9CHbpwJUkuRL6M5iiJZyxyoxe0nMcbXDpaHmEUMkc_w8VxBSWXUMGJDt5saOyMSQTFN6gtBk0q1HizHPFODVqqhEzQB5cY8NCdBj2abhlO_MqhLRI9PLnw4TGOJ3TQjsdP9B7EivhhHmX3QNs7GAyn6Piu4WhCoceL5jTqI5fw_OgHoyUlXDw-i7iO8B7E10V4HLnRnIXk40caHffRRy_6I9oD7TS6HB9xo0_oFD3MKN7Qi4zxY9IYokmI9-hbEUw2P9CVH-HhODp-wyd-GdYF7kdOpkiu5MHxwxXhOHTwHD3iKT00pMPx9nCoH092eOSHsMtxH-XC5PBRfziZY8c__EF_XMdbCfnhiMfV4F6OScfvoYe5g_GIH6HoBzKPNNJmHB-upTgPjzu-g3sUI87cTJhijcRfvIuhH83RDz_CTzmaJKFCNCOqGkd0NPksMHyOG-eFHw03QfuHo_OOPzhMHXoX4z9i8TCHz6Dso0euQz_C2Eev4womlwqcaToeiUHsQDxt5Mzxp2gqXMK-HI-HJi7Rf8h64UezHbUy9M_R8Lh-IVePK8fZC0zO40N_FSEfNB-E_eiXI8wWJcYf48yN_ESf7IOoSIefIeRxPEM5RQhTFedyRM-C6wLq7YcvtDmRf9Ce4nzwHzBHPDWU7UiNPsHxH41yodo5nIlS5NCR37ikD59yfDl6NP8RXcyhayZqgTr-9GiE3XGIC7qko9OBnMd5NO6IfUuFw5wo5FGgKx-yCzxRK8e3Dw8bfJEFJsTx40VyZkJYnmjShsIfC32Y4YcZCfkMeZyFiK1hphd-HOlpaI1z5MeVD0d5C2EuBXegNA_yhTilNMf7IB-YPOiZQ9UpvOgDkadxGr6GPrhYaNfhH18z4h8s5VAfGmV5_MV7oS_xvPAjCf3xZ8I9MArhHzrMKLiW4xbE66husEuQjzFegcnYDszC4NpxfEcf5Nxz9IQUchLcocfDBD_aKDns4x1Uj-gPPcrxhUYNczweeDw-Fr7QDx-T4oGWjzh5nGnxKOiNK0S-HbU4-DrKNXiGk3hfZFET-ETP4ycApxwSTDEiBDCKGSMUQ4AAyYAgwAgAAHBAAgaEAswA8BAihggFAEAKECMAcgAYIAkySiChAFBKAAGAAQQRxZCEAEnABKCKMGGEgAARYACCDBAAkNTCGeIkEEYYgwAVEAhGgRBAAaUYQIYiYIRgSAJriBCAAaAIANoCA4AkAEgAhYBMIIMAZUQhBoiBgBnkjHIAIiUgAkhRI4AhAghDMDAKOMeEAkhQKQRggACBJGKEECQKAMQKa4TFSAOCBQKCIGwAIFggBAwBAAADjIHCAEoUIkIYABiwhBgshSAGEFIQUEYIZigySAlFiDiMEsIUgMIRBLAT1ilhFDOCIAMIIABIQQQACiBCiIAGCCGYVBAgIgCAADEkAEIISMEANoAAAAAQEgACHGAAKQaYA4wIRpiBSjkjBDECMIAcEggIBAgADDBDGEImCiEAlMIJQQhwxDEkgGQIGQEEIYYAgAQwSCHnEBAAKUAUMEIcIgQwgAAUFAFAKYOMIEQJQAQTRBhDAAMAAEQcIQRQJQQAiAgEDDICCMWFBYYCRChAwBBkgADOGIEBUIQZQCA4QAAACCaAAQEUARIooohBAAAjjBGJCo0MAw4BBYwCAgwBKCDACAKwEtAAYAlSBAjBABBTMECENEIISZASVCvHBAAMEIIAsYoAhQAgxhjHmHFQEEsEQxAQZZFCBBgDjCAGCW0FAKADIYxAFChBABEQA0EUckpJoRQyAgEBBKLCCAiUcggyQQgCABihCEGAAEKEcIoQYIwhDBAFwDtEAUWAAAJYwRgQglJhATEOEKMYIggoBJQQRighDCBCEQOVA1AwxQx2CgiAJFIKESEAJQwwAQFg1BgxAACEAGA4EEIYABwQwAAACQCOOCKQAAYIQQxAFkAiBJCGAAYcA4IAIJgAmCAisBIEMIYIIQwZIZhCRADECCNOECQA'], ['858a465b-1816-49d1-838e-0fcaac729b24'], ["Words & Music: John Mellencamp's Greatest Hits (Disc 1)"], ['John Mellencamp'], ['126.55'], ['9864810'], ['1985'], John Mellencamp - Lonely Ol' Night.mp3, ['Pop Rock'], ['UTV Records'], ['eng'], ['XE'], ['Album'| 'Compilation'], ['0aad6b52-fd93-4ea4-9c5d-1f66e1bc9f0a'], ['1240c510-7015-4484-baac-ce17f5277ea1'], ['0aad6b52-fd93-4ea4-9c5d-1f66e1bc9f0a'], ['0018ab1b-e0cf-4209-9c49-e3a5bd020cb9'], ['3dc8f5fb-ab2a-3272-94ff-b5c0ebf844bc'], ['84b6eab0-dc53-4039-1937-461fe05d64d8'], ["Lonely Ol' Night"], ['03'],
0018ab1b-e0cf-4209-9c49-e3a5bd020cb9, "Lonely Ol' Night", "John Cougar Mellencamp", 44100, 161633, mp3, mix, 0, 222.693878174, 0, 312d88c0ca2379be7d79805746ffa791, -5.25263786316, 44100, ['coustid Fingerprint'], ['coustid Id'], ['Scarecrow'], ['John Cougar Mellencamp'], ['John Mellencamp'], ['John Cougar Mellencamp'], ['John Mellencamp'], ['042282486523'], ['824 865-2 M-1'], ['1985'], ['01/01'], ['Lame3.98'], John Mellencamp - Scarecrow - 05 - Lonely Ol' Night.mp3, ['Album rock'], ['USJM18500004'], ['Mercury Records'], ['eng'], ['CD'], ['US'], ['Official'], ['Album'], ['0aad6b52-fd93-4ea4-9c5d-1f66e1bc9f0a'], ['e7610f7c-732c-44cb-9b45-063d047abbaf'], ['0aad6b52-fd93-4ea4-9c5d-1f66e1bc9f0a'], ['0018ab1b-e0cf-4209-9c49-e3a5bd020cb9'], ['53bc159b-dd34-3486-a37d-e4f7a2b94991'], ['Scarecrow'], ['1985'], ['1985'], ['Latn'| 'Latin'], ["Lonely Ol' Night"], ['05/12'],
00196d8b-ff3b-4b9f-9dee-0cfa81f2becf, "Voo Doo", "Rachel Sweet", 44100, 128000, mp3, mix, 0, 222.589385986, 0, 00f9b100f754ba06a7b4c4e86cd1e98a, -8.20560073853, 44100, ['AQADtEoSTVkSRYoEW3nwcjgmxRlGURJz5Dm-Bn52XBzoU_g2I9IL70Qr5fhxoxKHZ0-Ci5dwhDxkTQ_-o1kXTB3BC4onPUH-o9JqNFy-IJeO6Qu07EI-qjhzoXYOJseT48SfKQglLgY15kKZB6-hp4FHqUfO46SHPoGdH2WiED9yMBljSOkDj0uQ78iV5Pg-_DG070MzRcijVrh8NEefDbnE42rQJ8cpmE_R5wj7rGiOM0-GHulDPDw0KQqNPMdpY0qFfkceHeePQgt1vLRwNEfJDFeu4WVihBdcscSkLTSOhj_q6LjOBL2Q6dAcXMqHbwzxO2CiNI_QxoFUJTTihwr6oZmFJ_pwSV-M82iULkOoQe_x50hz45qMZkflE-_y4Gmco0Wm_HiWLSg_6OEQNVGywSNNnE4zokfzHJf04MnRK0fzzMH9IScLzc7R7Mijy8jzRNB5NBdCvog3UsmCxGEuVC-abUrw6BreD306NBOFXJWQVFISPEfJo6lyYsftJPArJGcQymg0CpzGHT--OgWfZVJQ8giTeVCThcg1B28E78LDI18OfTvCvAyq5Ae30BT-C82jFJcypGgPlslxJlRQPWJAjTLahYea6EIOJv3RJwueeDhxoj-aPsW15BO-bWgwPcSnHEd7NNY6_PjQ5wgTZeSQOFfxD_XRjDwePJsDOz3iBfJzxM7RVDpaCcnlHPuDZkS7lDjBizm0pB264lOI75JwZjG0nA3K6Mifg-yyGV4vvEqFL0Sj_Sh5JP-RP_hxp-h1_OjDIN-RRM8jvIez8egJjaTRvMSlHI-Ip8zR5EcfHLl66El-6EyaoTeaI6IQTuNx50Jy40kCqqKF8iiZyWj4eDiPUEcSRctxG_4avBx-uDqeRLhzNIuPrkxxoc8ews-KVEmUH32IkDqa8TryrHglXDneSFSCKx-aZVIjlEwZqEejSEsQPtHRZHnRRw_2UcOeSMGZC6WcEv6DUMuhMFKyI5fDDL7xHbxwYRt35ElK_BKaJzvCF5X6oSGuVNRx8TizFGkM_cPD49oxlskhVseX-AiXH81z3BdeXLkpPGiiIjzkHyqdFdeJJzLCa0XzHD-uF53GOMgm5h20I3fwG8-FPnC-g_nwI2R4NHvwZkH05EPzB314PEJJHs-KE6O6FLkUCuIRSizuHCf6Et6WXOiaKDj-F31gMcZPIWfwDz8mLoHqo4d9_BLEuEfJKMWjIT96XNk1vGE2WMPMR6i2jOhztBFe4RKP8PgHTZKWF09MRE-IcuHR_DhyHe2YabiYQXuRTzwu4jnO8EQYJzv6D_qL8EFj7fiLJ0GYXoN27UJ0DvdI_CH6HK6IcmGKZw9C6mjSZDnUjCk-DnmcErMOb8ks_PiJXHmOKsuSrMJlHfpQMsd_vJqDKT26dMPp4yXCjPqQhSrO49bRlWi4LCuOS8qNPjQaRQ7-g5M25EdTHz1zRDf0B0eYKcfUbLjI6EP3I8wZnJuhPRKaOsYPJqwSByUzTKkITfpwP_iuoHmO_2jUQatyCU30JMgzPC1-7BeahcuQRZqrQC4f5MEkHc2i5AvOIEz4QSOPPNvRVZsWOE3xZBTa45KNrkcz5sSo5GGQH80h5SHxSMdVXLmDskuhJVF-zLtwHiGthEfD5fjxzCqasSva3_iO60j4IX9KVNt1TFFsPAdHMQ-eGidHouGyoH-CC5fS4OThp8QTPAcTouREXHnACM0RK8scXDrU8ugDcZJ0DXtmPBD54nmEWFJWHP-O4zue5XgYwtNxF0_zoVfw6cMnTH7Q7PjCaWDJLcERRoemS8gZKfho41L4oKkSVEnG4c_xC8mecUKYZrKIF6c0-Flw_MgVPUWS7cOP80ezPqhW48Q1IoyvFBql4wp0NM9yRHKKHw_4oz-aLFxxDpGlE44e429wBeeF5iU0Mkf-CUcTLcnRRcKv4kMpXWgaSfiHJEd-JkGt7GiyJKSGP4lxSoadHLfxIz2k6QlyBycaMxvKH_l4qOqRz8Pv4tJhDtfy4UyaEE1N9MmR_IiUM0WtrApe47xKPOTRLFHQHz-uhEcfNA4ebRpy8seVC2KuQ5-E54hkofnxHy-DSkfDHOw-5Dr8TET-HX8asMyRJblyQlsqRFwkXPnRw-tutFyOB00_JHMaF-GN5sOoZ8QzWVnQOMnBHNePE15OPEN0Zjo0OOqD_3gHTTryXgPepB3eClakVHieEJ8yo28phMmP5EzQZzkaLukyPD_mH38UWMbp9Mh_JEqaZCr6FieuY3fgR_iPJ3FRTxKakzt-pUSjo3Ks4dEz4ZKOMFx7aGsQH6ewH18kNGMiIxcLP4eUU0aoNMuk4MqO69iZI5rRL1Af5GOS47IenEfzCf0e_GAchE-0IOkmHeRjEb9x_EczCX2y48HXG9mDJiKPKs2hhxbyH42ZHP3R6-BvOD-erB0qPUF-JC_47DiaP0Ml58ITqXh7VPVxXB_OLA4O_0YsModI1cND5siTEye2B0c_EU-e42JYhF9g79A-TJSDhsfVFtpOCY7048qBUsqOH-p3rFM048-GnEbjHD1qG95HeFl2CRVf7DyuE3mUHFqmF-GDXUPfYkrF4Eu64QmPH03FMEj2ZMiP5-LQv3B0CnTQG3yNPDO05KjyCNdxhRmONmJTaNmD68KTCxWl5IWoK4ejIyxxXfiWBk95wVty5NehC2G6JOhx6YzQ8WASMczx6DiP8DnEOicmtUbO7Hik9MJ_RKKV4dANzsxj5FNONA2QheEO79FhHRWT5KhFH83yoyQfNM_S4DzWBI4WQS-FPUoCMHmHMsvRRD0epoeWHTnxow827ktw9UJeKMsRvsYZVUGZiGh-3IitY42UC4q0w8_R7riE_RsctwCCOCCKAAQAYUIQiIwBAgpBnMACAAEEs44QgBCDxAAEFBSEEksAUQ4BI5AxRAhAAMFCECMUA4gAQIQ1TAAICBGIAQAJWEYAQwFBBChQGCACEGYIAEwAQgQyggkCDDCGOQgcEEQYZAAwQBgliBKIGECMEQQoAghDBCmADCVEGisMFIYAIIhBAjBDGREKLAIIAQc4IIwACATiuEAAQEC8EUIgAZADBChiDAFACCEMUUAIAISgBglHEGACGAQcIQAZwQCz3AgAFBDGAQMNBMQwgAgRRCgkCBQAIQCoAEIgCBAxgCkBgCASAQsEccJQIBABBBICECACGqEIM8YQAQhAlgBDimBGCWAQBQIow5ASCignABXACAQUIYKSIIIjBTADgHJGAUkVBEUAQYyxiACiECBMC0CYA4Iw4YAGQBFBABCGISUIEAoAIQAVxBCnoAKIMWGEAEQgpAAAQCljCCAAIGAMQYgJ5xQiExDAAABEEgQYAAIBIpxSFBgBIAFMGQKUA4oARJlQjACACGFAEAIZEAQhKYQAhCGACBIgMAO8kIhoQhQFxghlBBCGMGCIQgAQg4gC0gAvhAGACMKMQARwIAFyigGAAEFIAQ8YcsQoRYQgBiCCACTIEgOgAcgIwoQAAhlHBQAEEUCUAIAQoQSwCCgghAAEIWQQEUAgYoBEShgAiJAaGQQEEkYQAQgAggBGlBBAISYIccwQIYhiBgnACBPACACcUUIoYACQQAjGjAREKAIEEAQJgIRERhmDmACIKIMICAAIphRBiClHgIFGCKAoAgw6IQQQThlADADCIYsI4gIBJgygFBCGABAIAYZIEAIAgYgEBCADGRVCAKCQJUQYoJBAgIBEiAAUGAcIMUIRZQBDhgxEFCEAcOAQIIAQwSwQQBhBlCBAOACQAhoCAJQQkBAgBADKGCoIYJBIoQQgAAGiGCUAAmA8YAA'], ['791e496d-e374-4f18-9045-b979c3028017'], ['Valley Girl (More Music From The Soundtrack)'], ['Various Artists'], ['Various Artists'], ['Rachel Sweet'], ['Rachel Sweet'], ['0 8122-71879-2 7'], ['R2 71879'], ['1995'], ['01/01'], 354. Voo Doo_3-43.mp3, ['Us charts'], ['Rhino Records '], ['eng'], ['(CD)'], ['US'], ['Official'], ['Soundtrack'| 'Album'], ['89ad4ac3-39f7-470e-963a-56509c546377'], ['e7b94a2c-d28d-4233-8b3c-8db87d2f00a0'], ['0c085548-8a13-4c6a-ad32-2e773cc81717'], ['00196d8b-ff3b-4b9f-9dee-0cfa81f2becf'], ['b257cc61-9e32-3503-b8ec-f2809dc7d441'], ["Just Can't Get Enough: New Wave Hits of the '80s| Volume 8"], ['1994'], ['Latin'], ['Voo Doo'], ['13/16'],
001be4d3-a8e9-4f6b-a7fc-5f10af4e7022, "Laura What's He Got That I Ain't Got", "Frankie Laine", 44100, 128000, mp3, mix, 0, 149.446533203, 0, 1583507dcc351897dec5bc622a33621a, -5.79954338074, 44100, ['AQADtIlCZSpy4tqFNk6HHz-cI_ly5HCTFt9zhOdhaVmQfHnQVK2MhzG-HH6M5LOQ4-gYpsKfENOLe2h-JKMSBvmOO8F2HQ9uBc9ofA8aRwrqTYieD5pE7cgcHX0SGafaAD2-fGhnB_suIh-PJgkZKNK44wd79KlSTFmJC63yJZjSLVGCfPiw4-HxHpOkHM2LUw9yQUsaBrUyvMcaHj-0NXhCNFKcKngAPytko2l0hPbxwjjyw40iK9CBrguafDGe6PjR_PDRBk-B_oGY7-im40mJOxeao1KXEbofhM4H7xWqK_hxKZdQMceRp2ODhHnQNseTG1_kIPmOHOaI_3g0Fz_M29h5JD8yOXzxJWdwon4CJ15QWkXunJDaKGSRX8SUZNHSo3-IB88zHSd2ZeGRPMkPhHoMSl2Mp8KWH3mkfLgoaDn05cfTtCjloxkZPMOr7HDIpIPS5Qp-oXL2oHkOcqegB63CHGE-nOiUP0jjo1kPncWPyMnxSMGD48yMj2mEJ6TgHJ9wDfmhjAuLiybifEP-IOG-Dhd4_B4enBk14U3QH0fTI_kuhImzHF31CI9ytB989Jk03I1wUseLMIF2xG5wHn3y4VOx8XjhWDp2JMxZhFuKq4V_7Md5vMFkLTquncizB3qOdBeeI2VsqGYOSkEo57j0YD_-w5ISnoipHYefKDiN49QPLeGJXId_vDreo2HE4xeadY0wzQuuIyeSaSd-gnqI_viU4z4-NLmCrzkaJsPxoznBPMijHFcORbokNPJiIT6O_GgcJkUbP8gP_Lh47DfyQ03zBNWPq4afI3-Rn_ihc0GKatmM82hUolaUTERIpfAPnfmITU-hHaEY7YF7tC-KKdlTFUecvdCT5EL-EM1OMO1xJgl24cSH5KSSIBKzLkGzDvxx5sGOowt-3EId6sh3B0l0MBmPcQ_xH7VS4oMdTeh5PDd-RD-SR8nRywmocJdR8gjzFxoTMchvfDv8FD_in9AZ7DpyFU8U5If2qAjz48d3PGGQU3DyQnVGHP1x7lAkUhaqSHaR4xJyJNcDPx-Yjsbzc7gSNFV6VD3-HZdy9Eek9IeeHHl-1M5wFy8HV1I0wY-O6jnyEWN7aHkQNhf6CA1X4zm-H35N0LwR5tCsIIzDHKUsKTG-YKgfuFEO30QoJ6KQfHEw8vjQPvDu41qOG8eD6san402LMlGuoM9xtkSuIdmDhjmO9wp4HVWywzGPHTUf4hNyRYgPq21xboefMfhyCxeqlGjO7Lhy5PeRnB_248HZg46SPfApGd8RWyqsOYiu40e_o1Ge4BcuHk-PUyH-ediDJqZ4hM-GRC1-oXwEd0dfXBFyLQnUJ8SYPkH-o5R6NA6-o_mMmrmCJzeaBZUePKXxRQhNIeGP7Tn6BIzt4WEag4oOM8qDA_WFXUIuQ5fSI8z4SWizHddR8kZTp7hYPOiLZtot_EecQ58ZvI9wKsGO-tByIbqO_2h-3B-iJU23QztCRwua-riP01jDo_nxJPiMLzlC_dDD4xdKEaaSpfCkQ8PDCqH1wGl6dGYRUTIP7ZeMMJNOfEeTbkUVXBz69fBIHx_hZ6zQG7-KXsrQJM0ONLmGC66JP8VJNJOyFK8onLnwhUGyPEK1HXHygc_RVEyFR0dapcYv4VGW4BzyXtjCo2uO5yhDTnASiTjO4zH6TzhFPFqsCEmlHKEXHv6FUzn60MUVDRfxJIUfElc0C88V5IfYNEfM4_FReqqG5jneBTiL0M4KOyf6bHh2qOKHH21-WCGuvTiL5tnxJEc7whOuPMgj5IVj4SUajsiDi3zwZZGDLVQy3MeuoxbxHPcHyw8qCk8U4ZeRX9DPID-a56hPXBe-PMRHDQ2fGFXSRseX4joeVfgR5idyXNmBT4eZwycqLh_yPqi6IbmUo8ezx2jCowrz4Tv6Hy7CNxGRXLlwRZMEX8GH57h04QzToOmCygvx4jyiZ2nwSDTeGFouZNGX4-nxHOcugHmyB35Q-TiTH0nu1MjR_EPvDM01B93oB--Re4Te40I-C0_w44eT406OZzyud3hSE82N2kffXHCPHz_OB-WS_LhQnaHhMytaKcJ1hDk0Sj1y4cqDpsqyot_xoOUcYZv0CC9OHV0T4g6nQB92HI8-lBLhh0N9YzxOxD_Oog_eB-kkHkZ__KMQ6Tm0PMgfXLnR_2iqLB1yPnhf_IOaR6iPnDvMKMc7E5_Q48FxP_g-_CsqqoOdTDDTBT_yQzxLhI09PPiD5hb6cDmujviOVx_y7dB4tDkulNqFZseNB83R40Wo6A6aPBqO_3ATJrgy9EHzDw-HX0cdXHxw6XiO5njxzDhOi-gX-LgtOH3QMxIOzeoFP0d7CT_O6HiO5owSDn2GpOKQK_nRlRcShsuRF66OF8dfw2sR-kj6o0oOkxdKScUXicaDPlI52Dqe4I2QNBpzhDxD4UfVwzcuHz6uiEfaI4m-4BkX3D0YJflRHj_4IZkfsQhzDnsePJWPq8J19NOR_kh-9KjEwokBPwxyQefhzxtqPFRoQRN7pDueD2i6PXhinDXC3NCuHHmI_0OYpClxfhDPI5fwG79x6RN6B6dy4TmaLeGRi4f4ZZKQH-6IMjp6RYa_KcKboenxLEhG9kGYH2dvhGMILRPnIyfeEiOPOnmO3_CPkjmSZ8glBleUlAkuivh-oYedOAClhBSOIKFEIkAIRJAhSJHoiBCIAAkMc4QgogyAAAhnBBECQKEEGAwoYRBTwAAhDHIEiUGAdUoRgBxiwCGkgBDKAAEJMUAYQIACwRhkkBIKAYYYAsgRIAgAiQgjhAKkAEAEIQIAa5wBBAgjkGDGECAFIoorQQKwDDgElYTEAEe5gIAhQ4wpDhQrCNVKCMCcUAIZxY2hgAjogANIGOOAUoQABgxRChFCEHFAIIA4AlwIYSQCDBlAFCPEIAAAFUYA4IwUAjiClDFIGYKOQ0oZiAxRxgAhkDCCUMEUIAgQAYgCwAFvBBHQISIYQsACa4bxBABBgCBQMOEIIVQZRAwgSCCEABIgAGSQMMJZZBxCBEnCjCHGE4EBAAAYBiARiDjBADBMEYEUkAgAghRGDiEAiFIgOKMsAUIohSiVAgGCAREAgAIAIU4IhigQyBAACCIIAEQgUAQIJBUByBIggENMASCIIcpAQgAUhjAAHCIEKOSAEg5AC4Qk1iAiAFEIIQYAMA4SJRBShjCkCDFAAKkAMkYpJJwRBglJEGNECCIcUEQQCxwjAiBFhFZIOCEcMUoQYAgiADkFEqUKEEAQEYgBBCkixghhBCCGEUiIAoYxIJAggCiHDDJEASGQIoQCYIhCQApgCAMAKACYA8BBwJgiAiRFDKACIGAYA5ohJBAAxECAiQdGmASNQgAQQYgDBAhkhAFCCmgEAcggIBpCAjoBFBEEIEQAEYwyBQgAggDioPPGKMSIAgIghYgBDglJCABMEAqAIlZQRAAQChgBAKEIIcKo4wQBJBxFSgmFGBICCAGIARQoQ7CxDgnAGRFIAcIEEIg4wJxljAVJhXEIAAGUIkQJIAgBQChmxRHKEEMYAwQUoCSSSAKuhKQMMICcA5AgI4ABhgKBmGAaGAUEYM4ZYggyAgIBiABOKIAAM4QII4wBQkgghRJEEQEEIEQhQASgCgmABEAK'], ['56f642ef-7d3a-43e8-af28-e83e7dac9c94'], ['The Very Best Of'], ['Frankie Laine'], ['85.46'], ['1967'], Frankie Laine - Laura| What's He Got That I Ain't Got.mp3, ['Oldies'], ['eng'], ['Compilation'], ['bb56bf3b-053d-470a-945e-fb6943c03214'], ['204f30e2-6aa3-4694-b022-ccfcb52a8334'], ['bb56bf3b-053d-470a-945e-fb6943c03214'], ['001be4d3-a8e9-4f6b-a7fc-5f10af4e7022'], ['10365d07-3581-3d30-b688-f8438c0db8de'], ['0f34c594-fd76-052e-5e87-8c1269754ac3'], ["Laura| What's He Got That I Ain't Got"], ['04'],
001da2e1-6bf3-4057-8eeb-205e43115281, "Making Our Dreams Come True", "Cyndi Grecco", 44100, 160000, mp3, mix, 0, 148.924087524, 0, 23f96db7f3e18f8582066bc1b35ab409, -4.85201072693, 44100, ['AQADtFKUdFGkhEGeQ2uUIz9uHB-PJ3qwh2HQlWiOPIugL0VO_MrRKbnRxBpGB8f_onFzdJluXKh--EePU0SyhzqsCuGV7LiNLw-eBvnIQcsfhNVxt0bXorGIj8J19E-G9FDjwcd1Q6SaIz9OwlXh7gcuCRXd4sEfNJf4IdJz9If4zEiXUOmMSgo7PH6E5iL6HC9lPFeEXxuaa0Eot5CtIBf-IGOGMFEW9N9wHwer4z86rfiF_sTTPMFT41qE_oiO6lA-MvgmB2EYBeXDCLklB6ck7MclXcd_9AkXTDnzILrS4bh4NNGaopuO_gmaL4gP5ckR-kXzxPiTg9eDPaXwq-gD88gzaCRzrMcdjQqe8MOZpeClwzxOaPaO7eXwhIWT6yiebXh1HO9w4ym0aTpOOKxQJ32gn8Rv5NmH5sxRi8dDPJXCFJXgYw8HH-_xZA9x5KzwJzm2pHIG7bHw-MgThCRFnHEGFyXlREG-qMe3I_qRSz8exWjnIX2g-dgfxFuWacOro2KF_McdQw9yXfBfnEF6Ya8TuNESCRq5Es8j5E80VE42wcnwfIeXZZIieCf6kHiQ68RkB41DSlClK5BLdnC-HPnxhC52aWhOhMcJaVSUOAny-bh-MOGPMzT-YsuLtMqhqWGNXJF8HA1v4w98IrSIO3RQ5Ex4w4qoo_pxDo96nEHkR4Wq8OhmsUgdHfWe4cJf_Ej_HJfSh9AjJkVI_PApVJKS4Pnxo8-RRtkHcX_QH_nxEMx1NGN2PEcuBup5hCm1o7Pwg8my4_qUwM6F6UegRwg_NFXx6LhIdMpYXLuSIPzR_OjzIW-iKPiKZkel7FGCfMoc6Ah9WJPGFHdu9C7KRBm2_ei3oR8R5pAWt7i0I1-OHp50lPfBow_-YUvuFP0y3EJ4Ek3eQmaeIF70wg9-o0fDOBMeHc1xNBdFPMVuD_HToDlqhR12RXgL_aoQJj76BqXQKNmHf-FRH88e1CdyaA-HMKGNE6eOB_2FZ3iPpziJE06Y_bjRn3iC28dxRQiTVKiexTiJf9ATMcbRJEflZEPecXgllNE1pONxHQ4v4WENR1FyVB-eo88SDv4D7zoeUQl-bBfEKgsuIX9A5Q-sKcOP-DLhQ58gfkZJXfjy4iLDIct5WEyOd8cpHX12_BL2HSFDJTih_7iyDGmYo7_wHF1IFWFIJF2S41wa_MP25cSzgD-eIzpTaNIRKcs6EU-zgkefB5MtT8iTKHg7aMwewv_h4ouHPtLxG_l-tMuR3oJG8sjxj8fRfMVPNMMzJoxwz2jyoj7CeEqGZJYSPLvRHKWOJ_kSPLdwhQi_IuGDkseVHJeUB710hHlyJO-JNnzQREpydKUDPzOi5dDI6Lh0fLTwPLgNPUpXNAgfHU8aY79xscUXHn1-NAp5vNGOMzea5-iHJ4pwTYkUJNeRRs-GX7j44PtgFyeu5EiWewjZHBeaSReqOyKuXPiNZE-MMMcjH49CR8SpXHAuJFdy5Gim_LiyBy8uK0dIkoUeHTvawU2iQ6yPsFVG_LCOM75xsUKfi2iOS3qJOEwI9bi0I6SUNbhw-ch-cAnDEs52YuIV6MeRK83hJTtyDg8DsTrxBPmLUzvKD7kO8ciLGn9Q_PhxXEcOp2EO_YErGn2CcxP0nPiIiD64iB-m_JFQXmKI58gPfYqMUMtlWC8ckVUQEipVhJP0EQ579MdH1DvCvIUuhNoPKxq3GA9eHteO28f8oD7eLB3I9Ygk5UQyei-eExdJ9E3x5EEp9FIQZksGvfhOGVoUXkd_DtdZ3A9aDt6kY_rxJkbOB1c9oRYPJzv6HfeLngz8o0c-aD3SVVkw6cfLFe7x5Kgo6WgWIrKhPYer4BnEfjgf6MjK42aF8zhVIc4H6SzSh9ij43fQXEX_DL501DuSp0b4wclRjQu-bdh7lD18HPFZbMqHqzZ-BS-eI59wqhX8IA_06EgjW0O7sDiPozn6BVcetPmGNE50JJSoZCiNZ9lxySLa5DKcUxr-PDizHqt2qDr4Y_LyoF84vEeFp8f3DDn0DPmYDdOCF6-DdFfQohwsD7ktMNeD_7hRNsPDw7pAvcfHExFEGzna7LiD_zh-NciRLNFq9AvOBo2sbAoqPcE-xLsNLWeKcOXxLMGf4xaukeCaImciZkGiuNewPYH3oN6Iz_iF3mj64fFx59CnfbiUo6_hCj1-PB4u7XiDPMtx6dBOqmg6JVSQ88Z7ODmJixRxXNnhL8VzXMeRnDbCW8PnYNr04dHxLTzRzEKf49LB36ieI5PKI6mYHvsJ80JZGj3eFlc0CvaJPlRxbEu24r2QLT2SSUXz9DiuFf3hOkYIqc2Rpw_KxkzQxDROIwlvhCTR3niP8IGWPAry4lqDSzPKB0b14KGG-8N7-HrwIGy2DwlHxniP58dbeISXJXuI8Qf5oIkZ5ISeC5H5BEfjHDUV3PiqYLKyo9kHbjGLZk-Q5TmSH3uW4seT5EY68tBf49aDMGOOOkyGhzq2X0LyC_SxnXgmFvkupGl5fDS0_ES4ccKTLKLwREf4D038QVdwpRd6Bzf0HFeDfEfPqDiPUdFDRP2VIu2j4z_-FM2DPjy-E-EZQzyP-niMTzGPblMCTT_y5ujhH6Wa4y9-Fam1HMl1nD36oDk3nB2-4c7xUBxyJH-J0TkuTPqKF36Ei8fb4LiOXpGC00JuXOSgH2d-9MmhTuHRJ1ITrI2EWx_yHWnVHMkz8Dj6B1d-VCn-HE90JNdUDfl4XFGOHjwffFkw_gDjCKCEIIOAIQp5BwADRQBgQBICASAIMcAIagwxwBCnAABECCEoMAo4A4QSAgEgiDIOEUSIQkAIxTgGxgAhhAGKCKOOIAIwBYEAxgEBAGKQKAUEFwgAAgAiBhilFAEACQIIAwUoQBgCkFFKMBCAGQUUUQgAg5kghjAACGBKMGKIkEggQBEySBjCCDLCEMWIIEARBQgBzDAEgIBICIWBAIYhRBihyggCGCEACACQdIYhYxAThmFhABDCOkAAEEAYRYACTkgBIGESKAGEIcIwYog0ABBEkALAOEmAAcAAZggjABAhBhEeIyAIkIgo5YhCSFsAgIHAAqGAAEI4RYASAiCSACGOMiAAEkIkopChxAFwpQQGESOIlU4ApAQgAjIJEGBIKCSMAUAgAQgFgiCDAAhCIGoEJRARBwRDghljARUIIQKAMUAABIQRSkkgjCTAEOEcEUIhAAgUAgoEiBBGAAAJEoQRgxRSghhhgBPEAAKAEYoQQ5CSRgCDiGMEGGMMBEIIIAQBRCjliBEEBICIFgwACwAShBRAEDAEUKQcBFQYKqlTzgDgACDUGWeNtkaJAqAgihkDABGMGAYUE4YAEQFhwgNFiDEQAsEAEwgQJQgARDAABAJCGKUIAEA4BRQywAhgBFRGKKIcExgABxglQggEgCACMCKpE4QgEYABjjCLgJDIEEESIUoJhoBRRABCnCPIEAUEMEokopgzCAgCkBIEEIDQxAgA6oArUBAghFYGMCEA4EYZJZwwQgiCAAYSIKUEIkwIBZQhIjGhDBIOGGCQAUBAZIQzABJBgGTICOQIQkAxIgARwghCDADAOAOIQwAQsgAEBFhgBFCAIZApM8wRgaRBTCCBBADAGEAU0YAZIRAwhgEmBCECUwQQcoIwJAAAABCkEICICIQcCYAACzhwwEgojECEMMFAQIIAQCBSFkhlkbKEImMIEEoIAYhABqEEECIAGMAMIEAJSoARAA'], ['c8cfa0cf-495c-4859-8578-c096404e60cc'], ["Easy-Listening Hits of the '60s and '70s (Disc 2)"], ['Cyndi Grecco'], ['162.41'], ['1976'], Cyndi Grecco - Making Our Dreams Come True.mp3, ['Rock'], ['United States'], ['Compilation'], ['9322be57-d6ac-4eb5-b5f6-0cb72c62daa5'], ['001da2e1-6bf3-4057-8eeb-205e43115281'], ['11695e53-6511-dc43-9a01-cb0b9b2bd1a2'], ['Making Our Dreams Come True'], ['19/23'],
001e1399-10fa-48bb-9269-39bd54777acd, "Draw the Line", "Aerosmith", 44100, 320033, mp3, mix, 0, 286.955108643, 0, 72d6a427058308ace18ac3c078bfa8ac, -11.320772171, 44100, ['AQADtJoSZlGUJImCu4Z55DihHOZAxfixa8cF59LQP3iPMzq0lzhrpOexH-6u46ZxHNSPUsOvI1dWQkdDvMelIo0kom_wO7ii6Oh5ODqOH6ly9CvUo-1w5MKNj7AUoXLAN-h7pMelwytRP3gVHd1E-DkqT8d5_Ax-XEV1TBGTI5ZEHGGrYxd6H3-KKRn6Byh1REqqJER-8IGeIz_aHJ6SbMeZSZhy5MlRQlEe5XgHjqYEPXmC6Xh0-Dz6B9-hJ2GR0yGaJ-hjfMXJ43qwf0MYVTqSPRJ-4cKT5Bma53h2MMhxHdct0LnRSYeWitjxEw9KGWOjGynHD9cBHxx74eibI4-WIgk39Cma-ph3oVYCP4Q_GeF96EzkgXuM55gyZejQL_hyaCQ9PE6hK4mO0wuRXsMZPO2wc8ST6Oh2NA-SS8jzFKUON7PgD09GwT-y8JC1PDhbocnBUMeV49pl-Lh0VIdI5cPTYzzhMTyuN_B-PIOyPMYzEbX04GuFLM91lHgeVC5cJUfP43nxI-lz5FRg3sh-4XSwK9DOCpEuVsNpCXwyIX-D5jn6Qw_H4yLa5xJC4djTo7fRTPkwUQqHKReHXEdzKHqi43oK8miTXoUjETsRXtiFP8JjXEYzZkc-RgT7H9qZUMGVIefRJ0P3HLmGG9opIQs5PeDxBE0OMuxh8vgvI91SaBaPfJjJTMOP-sTmMHi247kkhCd09siFSor0gCo7oX1IfMfJI9ehH01jPNGOE0_QH2fAKd8ivJiiWYb2CFeEHJdx9_iyDzfGBtcYoj-ayIoK_pmIHL1m9CQOlTk-hkG4SBmY5EauLBseHVqOUj8iKssVrNOPJk929CGaJ6h09C-YUKGHZw7aD_5zJGOXIl-NphJ6HhcpnImiBT96Jmim7ciTHH0KMSbyoDmNN8vBE_l6XEvwY3_QVEcfvCc-8kQz9Mf05tDinriOO0EYvSSYX4hMxkI9VkR7qNWPPMa7o58yNP-BOxOaMwgXYmwS5Xhz9EoF__gJUcdjFXYYUDty5ki_o8-FszvOHM0OTTd67kgvC9exc8NDWD9u8_iOneTw4sNDw-OxJzryH4rUI9dy3Eet3HDwiJjkIP8xKze-owmYo5RTiE3w5fiDMzmOfpmgcxHO7OCPP0efXRCP9sFTE9eO8AeTBy9-XMcj6Ui7GbqQ5_hrONLxgD-aR0ijRtD64I1wabhOYT-6kGi65dDxbMKtQ6G8w2eO7GhOlDoqZWEOq4iuGc4NjZKMdkETrVDK1LgCfshz40J5-Eaf4xea-uiDPSzQN0ZOGQov4S9yGjuJ5-Lh6-go6diVcLiOPzhKfcITZge_Iz-aQ32Lh3zwC1ecwj0uGRd04srxxXguBfry4DbC_DomNsB34h_ehUuQo8J_pE6Hfk9w6_g5vEMzBlN7PEcvI9Mj4zm-B_pAlQra0cJ_9EemG46LR5HRdMequQm-pMKeHeeR74WWMDpw5nhR5EeepRKabJBnTGka_PiXFL4O_fgj5D7qCDsl4T-YXDuO94i-Epp1-EdOHs9g4S724NGRH8mFy3gHp9PxlBI6Hyf6Dy9-hEe1n6AeQitxbjmeG9YtIVaVhDne6bgU4kktNNM3POFm_Aiv4tCV6Lji4kdD1Dq6DHotnEH4GY9P9DqstsKPTMcjHd4j1FRiXIe-C9WLfPCr4oat49yM94VzHqcQZsZ5nCL6Il3Z4Ef34D7icSnBcLkg3kSO5jeiJ8uhH9-HSBmTCw_HEq7I4QuL44efo76QUduhBfkrsD8-wfI-nDx-Bd8LjxmF9EGy58euJzh6Hv6ScXCko1UkEiF1JDz2HK52o86OUC58iMeLn3jEBGID7_jnYT2aaserCN-h8zA_nMd_nMejDGrEGeeD6WjqKHihUScaUkH-EEx-4zt6ZDPqJIrQTNewH6d2hEejXriPowmNMgsd463QjETlFBfCLYoOdS_y48d_PGgjDc8RvmhW3J9w6NHxqchl9DGD5jwuHXmOK0yh5cZ03Hgj6HtxZjOYMDoe6MoWWJGJ78hFw_-ELaqQ_zh2QWRi4dsRSvgO5oUvPEIpmjjOHd-FH3kvaPqR6UcpEb0NF18k40fKE5ofxD0-LWnQfKhc_Lhm_EF_mMN1gfmPcIcYfwgpvZi6TPB1lJTx5EX-RMPFE3ouTK-Jh7h8PBP0OeiP-AJ14cetgx4TCn8wSYMr6cijo6eg78iHK8IXqmiXo-mJsxhvoSTSM4eWHxch_2BepJkSofbBHE3GIX-gH62SHY1TfEd_jH9QtNngxhv6FvlYFuFzNIW-4sqJS-IRPhin4yfywmlRb4F09McvlOVB9sMROg9c4T96Gc-RU8G0fGg-qH7wHBPJB00mHE8TNPOhHD0ezSMe59CO7ccXIXSKL0OP5sSl497B5wjzQ9vzgzl8_HhywtWhTRfOHBfxJMpx6YN-puhZpKfRAee4o9OPtB7OFToeHTk-w-nxDP7Rq0Xe4dHxhBxKhoN_MPrxUzge6Xi_odfhmIf4HofwH_5E_IQf5D0uCvle_MH1BD_8g-WDH6aSD5coUkiDrvh24VpwXcfVh-gH54mF8IH6IbQKoBwjiRMigEBMGQQIAE4IwQAFQBCAQIBOESKMEEIEKAXgIEAAiEkEAQKQIcoIApEkJghgECBCGWeQE5AKppUBxghlGACCCeGIIsIQoYgBQgBBCALKAfMgEMAhgqgBBBDggAAKEGCEAsY44YABggFCDAIQIAGYkIICQrAyiBBFDEMCGWEAMYwIY4QQggEAqEAKOAOMUIIIRggAUCAiEADEEcEQI2QYICgwxAOAECJCAIGEAYQQoARhUhgAiGCAOgOEIIgoAJwikApiGJJMOAIsQAICZgAiQhBCCGHKGKMEAQAYYgwATiCggBEMEEQMFcoopYAQQAgEBTJMCQEAIYIRxIAwAhAgCYBAAQAAIgYIAIhxCggCABFGAEqQAEIwJoBACjAojQGCAAeQYsQqIpxw4gFKiGEEAAOUIEIAChBRSllHARRIIICMYMgQJAUyQDCAhAFMKOaUsNBRII1QgBAgkBEGAqaAEIIAIIAwThYEDHHGCEEMI4I5AAlgACAEgAHEAmEMAAQAQwQjyhDDKGDcGSAAQoAZSAEAiCgmlGIGAGIUAsYAY4QDhhKCkCECMOCdUIgZIhQiQijkOBAKACSAIIQZxSwhmAgCFJKOKKCYg0A5ICQhlCmqGBMAMIWQoMIhaBgFjCggAAPCECIBNQIQQRggAgiDkCBAGC6I0AAbYgzChBoDAQAEIAqMY8IRAiAiCCkmkBJOWAUcEQQhpBghTABnCBKIKUEEIEg4AQgAiCFsASFEMMaUMYIQAORCxAmGkDOEAUIAMUgAYJhBDgkBBnOCAOCEAJYYKJQRAAlEFCMAMUWkEIwY5IBCjgljCUFEAIcIMgBAZhhDAhkGDBFEIIAAAQgxIDghQABjlDPASGE0NRQwJIzGyDCRhANOMAGQEQARALBCTBEBCEQKECOMEAgA4KQTYFCjAJHGIoCAIMIZIwwwAiiHABJIIiQAMIAw4KxQCBlAEFPEEEEUgQA'], ['adda0d09-324e-48f2-a5db-fc0210ef105e'], ['Classics Live! II'], ['Aerosmith'], ['Aerosmith'], ['Aerosmith'], ['Aerosmith'], ['http://aerosmith.com/'], ['74'], ['COL 474972 2'], ['Classic Rock'| 'Rock'| 'Pop'| 'Hip-Hop'], ['1988'], ['01/01'], ['Lame3.92'], 01-04 Draw the Line.mp3, ['Hard Rock'| 'Album Rock'| 'Arena rock'| 'Blues'| 'Contemporary Pop'| 'Rock'], ['A'], ['Columbia'], ['eng'], ['CD'], ['Upbeat'], ['US'], ['Official'], ['Album'| 'Live'], ['3d2b98e5-556f-4451-a3ff-c50ea18d57cb'], ['ef4fdf8a-975a-48e1-b188-eda04b0e940e'], ['3d2b98e5-556f-4451-a3ff-c50ea18d57cb'], ['001e1399-10fa-48bb-9269-39bd54777acd'], ['8992201e-f6ee-3c55-8099-bc94f6d8a2ac'], ['Classics Live! II'], ['1988'], ['Latin'], ['Draw the Line'], ['04/08'],
001ff647-a14e-4fcd-b6ba-3b2d889b41fc, "Burning Heart", "Survivor", 44100, 128014, mp3, mix, 0, 230.765716553, 0, ff30f5e220cfd3b31945b3cefa092fd8, -15.4363536835, 44100, ['AQADtEslJYmZoF2UfEgxkcmhkUfeDe0Y5EHlMEbzC8onfFqCPTu0M0jjHPtRssaXoPrhZzHaG-HSBYf6VPgOLzf6Bmd2MHwOH_FonDyOfBa8VQ4UdUswM0c4OGaCR8h78Dm8R_iko_hjfBl6qrCT5dB-fMnRLhGMy8F5aNtwFi1rpGmYo8WV4yrCH09xwXmOUhuYH84XXIb5FF2YAJXWHF8Ug4fGEmWJ_7CD58LNY4e8wY-DE3aCPtDWRPgoPFFyPFwO-cEZHXnx9bCTo0ekNYsPc5Lh-9B74z9O5ce4G7UYXOiVY0qUbEf1wI8CXhAnp7hk4laOi4f4Y6vRR9KRt0afCE304Dn2PUHP5ChJXDmaK6ioF2-OvLyQLHWKygGb6MTZGpdxHVNOoXgRUocXJccpD_5x_Di-4oY1_Dj8hnh47AtE_IgvmFyOPD_hH9ol3Aj1oVyDf0So7_CZQuuSo1zzwY-gP3A8HbmUI4ySHz9kR2jOIDyeFY3SI3yRLE-U4iJMMSl6HpUYJRbSMTvaDc_RfLGQE6-iotTwHJ13NHmO5DoVxIp6PBMDPziX4Klk5MZfQefRUMfTjriko8-L3Md7fNnxMIVfIydOQnvw45NkpP8QdrhzMIMW7wY9xqgbNBx0XCQq54EOr2gTI1eOh2jeo-KCnEmhKxGJi0ET5zpC8hFyRR8-jZCSF-GPJ0W5KIfjw90iD_2DBw2SnUGePageUNrRxN6xFw9JomdShHkCXS7CzOhzfAuRlnhynNJOaGSKd0ctaofKJIuH9jqaUcrxrBE-aLphDU6V69DwbAnyJRGPozmPXWHRPBt-hHkO7dqRVclwJeRxMw26Zod3Io3CJ9D-IM9xyfCXBseVKAeZ5UjzONDFzshF4c8RmTy0yMR7-Md8-D7O5MG_XEP66PCYKOgr_IyEpntkdGdwZM0FsSryHY244ET6BD7TDdrDI59R8mik-zgZhDkDbSdCK2gcfbgCfhXaJUqMpvqC_IRKIwzXEGX3cHgUHJ6SI4eeIMulhygfXHnwF32Ipkc2B7qYIzcu_ES_Fj--LsZfXNmIhzbSOtBBHE-JWUmKRwx0xGY29ImK4zpqZVxhyoj0QaPMw9NdVKOSg4lqaP8Q5gFz6fhSDU1ytHFalEem89CzE2E-Yd-IWdHxMcMTa0dEuLmg6_gXTCf-Q5wO5mGGfEMeo-kFKR2PLJzRhAqHp6IiTIc_HUUpIzUFPTrSdah0BZ1GeE-O80OkNJPxLDgFhw9xqUnxxSLO4q3Q9yPeQxeV4qOG_MeTLfh3ZD0sJYcuMcePVD9OZTG8MUfY5zjzog-0VBeu40wXo2GOSspE4qFhtccvCz-kVjn64bE-fDquB2LQ_cIT4RaR58GTS3jmoAcTvjif40oU7EdeHe3RNcvR5xCrEO2Ik0etZMK-Db7RhaELPfsR_qDioz8uFleEUjr8ZEjPQ9OiLA_yWnh0NGca9MNT0ERMSdCPxtMRPUvR5HiODmGu4zpe6PPxJkqH6VEhRlJytFxwEej1oenxQ90YfMedQzee6aj0GjpzvNGhF8qzBZV-6DqaxiilHJ-mJYHH40mO08YZJRv84-vxRccXq9DhPccPPQ8uCs1-tD-uIzIjHbst5E8sXMksND00dtGwH00VjG3QaBb2PXiig8leBZXxbCnmxTWaf-g1PMgVXIgkcVfQLJHwg9EHLf-QRxGaqpUxidvxH690tFl0wWNjorbxlcijLMX5o7nQB3ePm3iiI_LxXqjETEXKo1YGfSGeSIliHD34PHgcHO6OVjnGI0wSFuGP3cMrNFXyQPuIPkSY6XgSHmWjaGCSH88xnDr245GU4zvuHUyKXsJ7hI2Q8HHQNTsqSwbV48k3XAxMH3kN9UG4WbhOMHwsmFGOM8R3pPlhJxHE8-gT6MWNfhFY_MLb4oL0DGVZxLtQ8kJznCn6I_3xQMwldNYRXzPeSngYlCsyccel7DgT4rmwH0bPow-85_jx40fV6HhxasckH7pkvNrgq7gOWsO7XODtQ8V_OF-KP9BuY86gS-lxStgTo-rQqDm6REUzZiOOw06I44sgKlmES6vQGWHyBffxI180H9rzIQzH4M6CE0dPB428IMfVIB8u0eh5PIaj_KiMXEl-aC_SHr521MzBEF6kw29Q63gvocmPSMyhMztyKWgS7sR5TBm_4EcbkVLwWEfJIB80HkwSB190XOGDS4b4BXmO3-g5HtsRPsPJjEEZ9SG0XDyuBOqFp3ge3CG0h2jO44cuJXiIi4uRKwqm55hyHZHzQNzU4vgHUQ3OHTlz48mFJhd-WEcoZzm0H2lEyUOPdpngI9fhL93Q4zkaWYlxHf5klBq05wMV9cfhsdCT6cIf42l-vEyQT4KfH08C_0To40FzQpOOjykaRw8qMTfM9ThfXEte5PEGH2yPDk8uRKKS6Th_nKxQPkJT5cgX6fiFsOMWNA-h_PgRRqeEPpOOR0eY-Ug2MmjyoE944jr6aiF8HH4iHQ8TZBeco0uu4D2mp9jyQRe-4-LxDz5xHj-UFe9mxFHwSvBz-D96nA_OzEKbeGhK_cgzKObwI4uapkYzRsGKXBK0iCkqMUN-ND3-w8-OONMPTRpvPMcNjRIa68jHHPfRXFNQKzxeI5awoxaN5pwhvWhC6pgUrRORp5hyCu0SFvmJHvqRJw_MaT14HLl6bB-hkVPwFnl0NEH4ZRN2H01zVA6YfGiX4WFvKLzgP_jxHWEsUgARYZSgQhAjAGDGAQCIEEgQJ5hhChAjABLECCAYA4QghxgAhghjmFKAAGEYQ8ARQARiyigkBCEGGGAUAAoQIgQwACgDnAHIEICIQIIAIBgCCDBECFACCEQUckRqhBRwgCLCAKPAKKQkQEAYQQggBgABhBCEAWEEUg4QYgAAwjDJBDIUAQOAMEAQghEACAFABBAGMSMUFE5wRIgASjBgoLECIEQ0AAYoApRiQCnAhGLQEaAAIAo5JYARBDAgGEcCEIFMgAIRB5QAiABlCGCOMcEAMMY4IARhAgECgDBACAAAcAJxwBSkAAgjAHCQMkQIQsBzYJQBAhGFhCTIMMEEEYAQpJSrBggBFBEAAIcEMlQwgIASwgCECARAACIEMIwJAIUSggkAECNIAIYAMAY4RYgEwCEFAAUEAQMEAYBIQRRDQDAmjBGEIAOgJMQhwxglQCACBYACIAIcAoYwoYhUzADAABIWEOEIMcYRIxQxwAkkECAMDCeEEYgQBYgwAAgkkDEIAAIMEAICMATSRFFChGCGCAGMdMAoJogBAFgDgaACCEWIIgAAQggCUABAjEMICACAKIg6aTQBxhqhsAEACA0sQQY4AohQDhGgCCLCKCQQEQoxIBSgBAjhDECYESqgEkQwBglgjAliFBBAGgscEEwAwZihgAAgBEGAGQMYZQY0UBBAwhEhDAACDCIQEYAJIRAQChAGEBICKQOEEQAIx5BhBkgCmDAAKSGUIAAIJwBSiCHEAAAACYAAAAExogQTBAACiDEAAAGkEoQwgAAyAhghBCAAEC2MokALQQBhABFFmDPAGOOQMEgBgIA0AhkljBDICIGAQMQyYhQgyhBhJHDCIUAEAYJYJggAChmHAGNGCAIIMYIaA4AEQAEhGETKaGIQAIwRogBwRAgFBKAIEGMs'], ['2942f671-88dd-4fcf-a918-2a7b26a316da'], ['Burning Heart'], ['Survivor'], ['Survivor'], ['Survivor'], ['Survivor'], ['A 6708'], ['Jim Peterik'], ['1985'], ['01/01'], Survivor - Burning Heart.mp3, ['Soundtrack'], ['Scotti Bros. Records'], ['eng'], ['7" Vinyl'], ['GB'], ['Official'], ['Single'], ['55ef024a-6cc0-49ed-8ce2-2e12193c0f46'], ['1127319e-3b68-4118-8083-8e2261c4c4af'], ['55ef024a-6cc0-49ed-8ce2-2e12193c0f46'], ['001ff647-a14e-4fcd-b6ba-3b2d889b41fc'], ['a30f73e8-7381-37c8-94ab-af8dde3ccadf'], ['Rocky IV'], ['1985'], ['Latin'], ['Burning Heart'], ['01/02'],
00202736-9c7f-4d8f-82ea-531da98b6307, "I Could Never Take the Place of Your Man", "Prince", 44100, 0, flac, mix, 0, 220.626663208, 1, a2c30495a5f72757b13778613f13ab6f, -10.0222320557, 44100, ['The Hits/The B-Sides'], ['Prince'], ['Prince'], ['Prince'], ['Prince'], ['Prince'], ['B000002MNF'], ['093624544029'], ['45440-2'| 'CDW 45440'], ['1'], ['1993-09-14'], ['1'], ['1'], ['The Hits 1'], ['3'], ['Prince'], 01-10 I Could Never Take the Place of Your Man.flac, ['Soul and R&B'], ['USWB10101492'], ['Paisley Park'| 'Paisley Park'| 'Warner Bros. Records'], ['45440-2;CDW 45440;'], ['CD'], ['070d193a-845c-479f-980e-bef15710653e'], ['d2e05c81-ca9b-47f3-ba02-4efbaf531716'], ['070d193a-845c-479f-980e-bef15710653e'], ['00202736-9c7f-4d8f-82ea-531da98b6307'], ['066e19c3-7f37-345a-adbe-9b06d07a39af'], ['1993-09-13'], ['Paisley Park;Paisley Park;Warner Bros. Records'], ['1993-09-14'], ['US'], ['official'], ['album'| 'compilation'], ['Latn'], ['I Could Never Take the Place of Your Man'], ['3'], ['18'], ['10'], ['18'],
00202736-9c7f-4d8f-82ea-531da98b6307, "I Could Never Take the Place of Your Man", "Prince", 44100, 320038, mp3, mix, 0, 221.492248535, 0, 77dbdff776a12221b0038e0e55f17715, -8.70941162109, 44100, ['23723959-8c0c-4dec-b33e-0e30ba46a5ef'], ['Ultimate'], ['Prince'], ['Prince'], ['Prince'], ['Prince'], ['B000E6EHI6'], ['0081227338121'], ['73381'], ['Prince'], ['2006'], ['1/2'], 10 I Could Never Take the Place of Your Man.mp3, ['Soul And R&B'], ['USWB10101492'], ['Rhino'], ['eng'], ['CD'], ['US'], ['official'], ['compilation'], ['070d193a-845c-479f-980e-bef15710653e'], ['d84d9d24-c784-454c-9078-d2c46b4cc22b'], ['070d193a-845c-479f-980e-bef15710653e'], ['00202736-9c7f-4d8f-82ea-531da98b6307'], ['2006'], ['Latn'], ['I Could Never Take the Place of Your Man'], ['10/17'],
00202736-9c7f-4d8f-82ea-531da98b6307, "I Could Never Take the Place of Your Man", "Prince", 44100, 320000, mp3, mix, 0, 220.682449341, 0, d2b7f9e0e514dc524ddac889ca001314, -6.26070785522, 44100, ['The Hits 1'], ['Prince'], ['Prince'], ['Prince'], ['Prince'], ['B000002MN5'], ['093624543121'], ['1993'], ['1/1'], 10. Prince - I Could Never Take the Place of Your Man.mp3, ['Funk'], ['Warner Bros / Wea'], ['US'], ['official'], ['compilation'], ['070d193a-845c-479f-980e-bef15710653e'], ['3e54d1d9-47bd-48a1-a449-0ccaa2901c1e'], ['070d193a-845c-479f-980e-bef15710653e'], ['00202736-9c7f-4d8f-82ea-531da98b6307'], ['I Could Never Take the Place of Your Man'], ['10/18'],
00202736-9c7f-4d8f-82ea-531da98b6307, "I Could Never Take the Place of Your Man", "Prince", 44100, 320038, mp3, mix, 0, 218.775512695, 0, 1df2d274a3e1c21d9071285dbfbf0ecc, -10.0826091766, 44100, ['23723959-8c0c-4dec-b33e-0e30ba46a5ef'], ['The Hits 1'], ['Prince'], ['Prince'], ['Prince'], ['Prince'], ['9 45431-2/D 502228'], ['Prince'], ['1993'], ['1/1'], 10 I Could Never Take the Place of Your Man.mp3, ['Soul And R&B'], ['USWB10101492'], ['Paisley Park/BMG Direct Marketing| Inc.'], ['eng'], ['CD'], ['US'], ['official'], ['compilation'], ['070d193a-845c-479f-980e-bef15710653e'], ['6d5c934e-440f-4b1c-90cc-6cb2a25e72f2'], ['070d193a-845c-479f-980e-bef15710653e'], ['00202736-9c7f-4d8f-82ea-531da98b6307'], ['1993'], ['Latn'], ['I Could Never Take the Place of Your Man'], ['10/18'],
00202736-9c7f-4d8f-82ea-531da98b6307, "I Could Never Take the Place of Your Man", "Prince", 44100, 112000, mp3, mix, 0, 220.656326294, 0, d0af64ea2466a8f25cde52410841e79e, -6.18776893616, 44100, ['The Hits 1'], ['Prince'], ['Prince'], ['Prince'], ['Prince'], ['B000002MN5'], ['1993-09-14'], 10 I Could Never Take the Place of Your Man.mp3, ['US'], ['official'], ['compilation'], ['070d193a-845c-479f-980e-bef15710653e'], ['3e54d1d9-47bd-48a1-a449-0ccaa2901c1e'], ['070d193a-845c-479f-980e-bef15710653e'], ['00202736-9c7f-4d8f-82ea-531da98b6307'], ['I Could Never Take the Place of Your Man'], ['10/18'],
